"customer_id";"first_name";"last_name";"email";"country";"created_at";"is_active"
1;"Dalli";"Rivaland";"drivaland0@theglobeandmail.com";"China";"2024-04-29 16:23:49";1
2;"Cherianne";"Dahmke";"cdahmke1@npr.org";"Portugal";"2024-07-10 18:16:55";1
3;"Dorian";"Broadwood";"dbroadwood2@go.com";"China";"2023-08-07 18:51:35";1
4;"Saundra";"Geake";"sgeake3@quantcast.com";"United States";"2023-07-19 22:18:39";1
5;"Shanda";"Cratchley";"scratchley4@tiny.cc";"Poland";"2024-09-10 18:12:51";0
6;"Dacey";"Provest";"dprovest5@g.co";"Poland";"2023-11-20 19:09:58";0
7;"Shirlee";"Cleynaert";"scleynaert6@chron.com";"China";"2023-07-27 19:08:04";1
8;"Dulcie";"Sima";"dsima7@sun.com";"Sweden";"2023-02-20 20:09:32";1
9;"Lily";"Romke";"lromke8@meetup.com";"Brazil";"2024-07-31 16:17:29";1
10;"Katharyn";"Fishenden";"kfishenden9@google.es";"China";"2023-12-09 11:50:15";1
11;"Wilona";"Dunthorn";"wdunthorna@nydailynews.com";"Ukraine";"2024-06-05 16:04:27";1
12;"Olly";"Zahor";"ozahorb@cmu.edu";"Czech Republic";"2024-11-11 14:27:54";1
13;"Sayers";"Lorimer";"slorimerc@dion.ne.jp";"Czech Republic";"2023-08-07 09:07:04";1
14;"Tani";"Dreamer";"tdreamerd@liveinternet.ru";"Brazil";"2024-04-05 02:08:40";1
15;"Ebba";"Goodlip";"egoodlipe@technorati.com";"Brazil";"2023-11-08 17:05:36";1
16;"Calli";"Gladbeck";"cgladbeckf@theatlantic.com";"China";"2023-08-11 00:44:09";1
17;"Elliott";"Del Castello";"edelcastellog@tiny.cc";"Brazil";"2023-02-19 20:21:55";1
18;"Woody";"Gauld";"wgauldh@flavors.me";"Brazil";"2023-06-09 12:24:35";1
19;"Grier";"McKilroe";"gmckilroei@e-recht24.de";"Japan";"2024-04-27 20:11:24";1
20;"Gary";"Somes";"gsomesj@sina.com.cn";"Poland";"2023-06-25 12:38:01";1
21;"Rollie";"Cumo";"rcumok@stanford.edu";"France";"2023-01-07 00:46:03";1
22;"Phil";"Pritchett";"ppritchettl@cocolog-nifty.com";"China";"2023-10-04 04:23:54";1
23;"Kristin";"Kubis";"kkubism@nymag.com";"China";"2024-09-02 07:47:43";1
24;"Christa";"Kacheler";"ckachelern@godaddy.com";"China";"2023-04-29 07:48:49";0
25;"Huey";"Jacklin";"hjacklino@columbia.edu";"Ukraine";"2024-03-10 15:24:01";1
26;"Danyelle";"Rounding";"droundingp@google.it";"China";"2023-02-16 01:45:46";0
27;"Hunt";"Parfett";"hparfettq@topsy.com";"China";"2024-07-03 20:21:37";0
28;"Tim";"Twinborne";"ttwinborner@lulu.com";"Portugal";"2023-11-28 23:58:30";1
29;"Teena";"MacTavish";"tmactavishs@msn.com";"Poland";"2024-10-31 07:16:18";1
30;"Mason";"MacTrustram";"mmactrustramt@imageshack.us";"China";"2024-06-30 03:15:04";1
31;"Marena";"Chestnut";"mchestnutu@surveymonkey.com";"China";"2023-10-17 15:55:35";0
32;"Gussie";"Beavers";"gbeaversv@nasa.gov";"China";"2024-10-23 10:37:46";1
33;"Randy";"Beaven";"rbeavenw@ted.com";"Sweden";"2024-09-03 08:08:17";1
34;"Adena";"Grishukov";"agrishukovx@huffingtonpost.com";"China";"2023-08-04 03:07:56";1
35;"Marsha";"Hanmer";"mhanmery@sohu.com";"China";"2023-10-16 05:15:37";1
36;"Timothee";"Footitt";"tfootittz@macromedia.com";"China";"2023-07-10 08:08:04";1
37;"Burg";"Kynsey";"bkynsey10@vistaprint.com";"Czech Republic";"2024-12-22 06:14:21";1
38;"Shelby";"Kimbling";"skimbling11@xinhuanet.com";"China";"2024-08-20 22:08:44";1
39;"Lurline";"Scrivner";"lscrivner12@alibaba.com";"Czech Republic";"2024-08-24 13:33:10";1
40;"Rickey";"Tatam";"rtatam13@patch.com";"Sweden";"2023-03-13 13:37:55";1
41;"Barry";"Ghest";"bghest14@baidu.com";"China";"2023-06-27 09:31:40";1
42;"Marchall";"Jopke";"mjopke15@google.co.uk";"Poland";"2023-04-04 00:32:43";1
43;"Billi";"Cosens";"bcosens16@hugedomains.com";"United States";"2024-04-06 11:27:02";1
44;"Oralie";"McKeevers";"omckeevers17@sourceforge.net";"China";"2023-01-16 21:22:05";1
45;"Onofredo";"Lyvon";"olyvon18@umn.edu";"China";"2024-01-02 23:47:49";0
46;"Arin";"Davidek";"adavidek19@soundcloud.com";"Czech Republic";"2024-04-20 16:35:05";1
47;"Drud";"Underwood";"dunderwood1a@icq.com";"China";"2024-02-11 10:31:00";1
48;"Martina";"Compson";"mcompson1b@t.co";"China";"2023-05-11 18:42:34";1
49;"Dulcy";"Brough";"dbrough1c@nature.com";"Brazil";"2024-11-15 22:27:54";1
50;"Jaclin";"Carah";"jcarah1d@umich.edu";"China";"2023-05-31 08:49:06";1
51;"Yehudit";"Addy";"yaddy1e@biglobe.ne.jp";"France";"2024-07-15 09:38:45";1
52;"Rowen";"Koeppe";"rkoeppe1f@woothemes.com";"Finland";"2024-07-25 00:16:51";1
53;"Siana";"Wells";"swells1g@mashable.com";"Sweden";"2023-02-08 03:18:32";0
54;"Adda";"Cartwight";"acartwight1h@prweb.com";"China";"2023-12-30 13:15:48";1
55;"Luke";"Wallbank";"lwallbank1i@indiatimes.com";"China";"2023-05-30 03:50:52";1
56;"Judas";"Gillebride";"jgillebride1j@independent.co.uk";"China";"2024-08-13 01:48:46";1
57;"Letitia";"Linkleter";"llinkleter1k@netscape.com";"Poland";"2024-11-18 19:11:42";1
58;"Brennan";"Shapcote";"bshapcote1l@studiopress.com";"China";"2024-05-08 23:47:29";1
59;"Petronille";"Keys";"pkeys1m@va.gov";"United States";"2024-04-24 13:57:34";1
60;"Hedwig";"Werner";"hwerner1n@yellowpages.com";"China";"2023-06-19 16:47:34";1
61;"Ebony";"Shilstone";"eshilstone1o@europa.eu";"China";"2023-02-10 16:57:58";1
62;"Melva";"Trench";"mtrench1p@ibm.com";"Sweden";"2023-10-01 13:11:45";1
63;"Derk";"Wren";"dwren1q@nba.com";"Poland";"2023-02-04 05:34:20";1
64;"Scotty";"Bramley";"sbramley1r@sciencedirect.com";"Japan";"2023-04-06 11:51:28";0
65;"Natassia";"Patron";"npatron1s@dot.gov";"Portugal";"2023-03-04 17:52:36";1
66;"Carla";"Collinson";"ccollinson1t@issuu.com";"China";"2023-11-22 05:57:23";1
67;"Isabeau";"Sorrel";"isorrel1u@themeforest.net";"China";"2024-11-20 06:37:47";1
68;"Humberto";"Andrewartha";"handrewartha1v@bandcamp.com";"Portugal";"2023-12-27 01:30:03";1
69;"Gisela";"Ogle";"gogle1w@mayoclinic.com";"China";"2023-02-04 15:24:44";1
70;"Selia";"Cowope";"scowope1x@cbslocal.com";"China";"2023-08-14 13:51:35";1
71;"Philis";"Sibbert";"psibbert1y@usnews.com";"Sweden";"2024-06-14 15:05:59";0
72;"Gardie";"Ranklin";"granklin1z@shutterfly.com";"China";"2023-06-21 04:15:10";0
73;"Rosalynd";"Yoakley";"ryoakley20@istockphoto.com";"Poland";"2023-08-15 16:03:49";1
74;"Emlyn";"Prott";"eprott21@bloglines.com";"China";"2023-05-06 07:58:06";1
75;"Cybil";"Harrell";"charrell22@nsw.gov.au";"China";"2024-08-03 11:29:40";1
76;"Josias";"McElroy";"jmcelroy23@npr.org";"Brazil";"2023-07-21 23:23:31";1
77;"Gigi";"Kinman";"gkinman24@springer.com";"Poland";"2023-04-02 00:58:27";1
78;"Kordula";"Boshier";"kboshier25@walmart.com";"Brazil";"2023-06-17 05:18:40";1
79;"Marietta";"MacCallam";"mmaccallam26@surveymonkey.com";"Czech Republic";"2023-01-08 10:37:00";0
80;"Royal";"Varley";"rvarley27@indiegogo.com";"China";"2023-03-20 09:52:36";1
81;"Antonin";"Cooke";"acooke28@google.nl";"Poland";"2024-11-24 04:26:09";1
82;"Elisabeth";"Spilsbury";"espilsbury29@washingtonpost.com";"Finland";"2023-10-30 10:57:44";1
83;"Michaella";"Lafont";"mlafont2a@smh.com.au";"China";"2024-05-29 13:01:48";1
84;"Nerty";"Duckham";"nduckham2b@about.com";"France";"2024-12-28 05:36:00";1
85;"Georgy";"Seymark";"gseymark2c@clickbank.net";"China";"2023-09-17 17:53:51";1
86;"Carleen";"La Vigne";"clavigne2d@scientificamerican.com";"Ukraine";"2024-12-14 02:26:53";1
87;"Estella";"Penhalewick";"epenhalewick2e@kickstarter.com";"China";"2024-04-15 08:20:30";0
88;"Arturo";"Howsan";"ahowsan2f@biglobe.ne.jp";"China";"2023-08-09 15:09:04";0
89;"Corbet";"Gery";"cgery2g@reverbnation.com";"Ukraine";"2024-10-07 16:34:47";1
90;"Carmela";"Hamstead";"chamstead2h@wp.com";"Portugal";"2023-11-21 14:14:34";1
91;"Gwenette";"Verrick";"gverrick2i@tinyurl.com";"China";"2023-10-04 16:48:31";1
92;"Holly";"Scaysbrook";"hscaysbrook2j@bing.com";"Ukraine";"2024-03-31 17:45:13";1
93;"Margi";"Greenstock";"mgreenstock2k@hubpages.com";"United States";"2024-03-09 21:46:00";1
94;"Desiree";"Betser";"dbetser2l@psu.edu";"China";"2024-08-19 05:48:42";1
95;"Trumaine";"Guilliatt";"tguilliatt2m@illinois.edu";"Ireland";"2023-02-10 16:21:54";1
96;"Karlik";"McCormack";"kmccormack2n@adobe.com";"France";"2023-12-18 00:15:42";1
97;"Aurel";"Ivanichev";"aivanichev2o@marketwatch.com";"Czech Republic";"2024-02-02 07:23:53";1
98;"Leonora";"Blofield";"lblofield2p@booking.com";"United States";"2024-04-10 20:10:35";1
99;"Berkley";"Wetherick";"bwetherick2q@hp.com";"United States";"2024-06-16 19:33:10";1
100;"Thedrick";"Mapholm";"tmapholm2r@princeton.edu";"China";"2023-08-24 08:05:32";1
101;"Anny";"Spreull";"aspreull2s@hatena.ne.jp";"China";"2024-07-08 00:54:30";1
102;"Elbert";"Mapowder";"emapowder2t@newyorker.com";"China";"2024-10-10 05:09:10";0
103;"Blondy";"Ashmore";"bashmore2u@weebly.com";"Poland";"2023-03-24 02:04:36";1
104;"York";"Dantesia";"ydantesia2v@washingtonpost.com";"China";"2024-08-23 11:04:01";1
105;"Stephana";"Dicky";"sdicky2w@w3.org";"China";"2024-10-30 08:13:40";1
106;"Germana";"Johl";"gjohl2x@dion.ne.jp";"Sweden";"2024-01-15 23:46:33";1
107;"Midge";"Dunridge";"mdunridge2y@theatlantic.com";"Japan";"2024-01-22 18:34:26";0
108;"Nerti";"Deakes";"ndeakes2z@canalblog.com";"Sweden";"2024-07-01 14:55:17";1
109;"Alister";"Billingsley";"abillingsley30@goo.ne.jp";"Brazil";"2024-03-01 05:43:42";1
110;"Sada";"Cookney";"scookney31@blogs.com";"China";"2024-11-22 18:11:25";1
111;"Aundrea";"Hawket";"ahawket32@army.mil";"Poland";"2023-10-22 13:57:12";1
112;"Nehemiah";"Postlethwaite";"npostlethwaite33@discuz.net";"France";"2024-11-17 07:48:06";1
113;"Elbert";"Boss";"eboss34@sun.com";"China";"2023-10-25 22:55:22";1
114;"Dougy";"Rowcastle";"drowcastle35@forbes.com";"Brazil";"2023-05-14 19:46:07";1
115;"Corella";"Leavey";"cleavey36@sitemeter.com";"China";"2024-08-19 07:55:40";1
116;"Renae";"Colhoun";"rcolhoun37@google.com.br";"Portugal";"2023-06-12 23:54:26";1
117;"Jayne";"Wombwell";"jwombwell38@cyberchimps.com";"United States";"2023-03-15 09:28:48";1
118;"Brittney";"Coudray";"bcoudray39@bizjournals.com";"China";"2023-04-16 16:26:36";1
119;"Baudoin";"Gresswell";"bgresswell3a@sfgate.com";"China";"2024-06-25 12:37:16";1
120;"Cathi";"McCory";"cmccory3b@edublogs.org";"Brazil";"2023-09-11 12:52:11";1
121;"Becka";"Varker";"bvarker3c@privacy.gov.au";"China";"2024-11-22 08:24:05";1
122;"Shamus";"Peckham";"speckham3d@macromedia.com";"China";"2023-02-15 13:13:43";1
123;"Rozele";"Lepper";"rlepper3e@bloglines.com";"Portugal";"2024-09-10 10:54:49";1
124;"Fanny";"Archer";"farcher3f@squarespace.com";"Finland";"2023-07-10 01:45:49";1
125;"Tally";"Grombridge";"tgrombridge3g@hp.com";"China";"2024-05-15 15:01:35";1
126;"Bettye";"Halkyard";"bhalkyard3h@bloglines.com";"Czech Republic";"2023-07-31 07:45:25";1
127;"Deeann";"Okeshott";"dokeshott3i@nih.gov";"Portugal";"2024-03-14 18:23:46";1
128;"Riley";"Mallender";"rmallender3j@e-recht24.de";"China";"2024-06-18 15:51:19";1
129;"Dino";"Lundbech";"dlundbech3k@yahoo.com";"Brazil";"2024-12-16 11:15:54";1
130;"Ilka";"Rivelon";"irivelon3l@godaddy.com";"Poland";"2024-06-30 02:57:51";1
131;"Tammara";"Allaker";"tallaker3m@cocolog-nifty.com";"China";"2024-03-07 20:17:25";1
132;"Siana";"Ovize";"sovize3n@earthlink.net";"China";"2023-07-31 08:12:52";1
133;"Kass";"Peinton";"kpeinton3o@vistaprint.com";"Poland";"2024-07-14 21:04:26";1
134;"Dag";"Nary";"dnary3p@dot.gov";"Finland";"2024-12-21 08:22:25";1
135;"Morie";"Blasli";"mblasli3q@posterous.com";"China";"2024-06-08 20:50:05";1
136;"Cass";"Lawfull";"clawfull3r@bbc.co.uk";"Sweden";"2024-06-13 07:45:13";1
137;"My";"Bythell";"mbythell3s@foxnews.com";"China";"2023-02-13 02:57:28";1
138;"Marshall";"Etienne";"metienne3t@unblog.fr";"Japan";"2023-01-12 14:12:16";1
139;"Jarred";"Eustis";"jeustis3u@drupal.org";"Germany";"2024-12-12 19:21:38";1
140;"Rogerio";"Greensall";"rgreensall3v@youtu.be";"Japan";"2024-10-09 18:24:15";1
141;"Huntington";"Di Gregorio";"hdigregorio3w@engadget.com";"Portugal";"2023-10-15 13:07:37";1
142;"Mill";"Czajka";"mczajka3x@cnbc.com";"Sweden";"2023-05-10 19:51:06";1
143;"Rustie";"McCormick";"rmccormick3y@taobao.com";"China";"2023-09-30 14:33:24";1
144;"Melonie";"Wormstone";"mwormstone3z@yandex.ru";"China";"2024-01-19 10:35:51";1
145;"Cloe";"Paskin";"cpaskin40@techcrunch.com";"China";"2024-03-23 07:43:37";1
146;"Ramsay";"Heining";"rheining41@bing.com";"Portugal";"2024-09-29 21:57:00";1
147;"Georgi";"Demoge";"gdemoge42@dell.com";"Brazil";"2024-09-01 09:06:51";1
148;"Byrann";"Cashell";"bcashell43@storify.com";"Ukraine";"2024-02-17 00:28:07";1
149;"Rennie";"Kareman";"rkareman44@google.it";"China";"2024-03-14 22:21:00";1
150;"Ramsey";"Churchley";"rchurchley45@paginegialle.it";"China";"2023-05-30 18:23:48";1
151;"Fonzie";"Milvarnie";"fmilvarnie46@yellowpages.com";"Czech Republic";"2023-11-24 22:39:10";0
152;"Gaylene";"Stranaghan";"gstranaghan47@stanford.edu";"France";"2023-12-18 07:00:13";1
153;"Aleksandr";"Casado";"acasado48@globo.com";"Germany";"2023-10-13 08:26:45";1
154;"Sheridan";"Shoubridge";"sshoubridge49@dropbox.com";"Brazil";"2023-02-20 07:34:05";1
155;"Ali";"Reader";"areader4a@github.com";"Poland";"2023-10-09 17:54:44";1
156;"Friedrick";"Vannar";"fvannar4b@gov.uk";"China";"2023-08-16 13:44:46";1
157;"Corrine";"Buckmaster";"cbuckmaster4c@t-online.de";"Sweden";"2024-04-24 14:09:40";1
158;"Louella";"Pennycuick";"lpennycuick4d@merriam-webster.com";"France";"2024-04-01 09:41:43";1
159;"Nicky";"Pickersgill";"npickersgill4e@amazonaws.com";"China";"2024-05-27 16:52:53";1
160;"Haydon";"Aleso";"haleso4f@mediafire.com";"China";"2023-01-25 09:43:16";1
161;"Adriaens";"Kench";"akench4g@addthis.com";"Brazil";"2023-12-12 17:01:02";1
162;"Elicia";"Dechelle";"edechelle4h@census.gov";"United States";"2023-12-05 17:41:32";1
163;"Michell";"Heintze";"mheintze4i@sphinn.com";"France";"2023-03-15 14:50:30";1
164;"Amy";"Koba";"akoba4j@ebay.com";"Portugal";"2024-12-25 18:54:23";0
165;"Hendrick";"Campanelli";"hcampanelli4k@usa.gov";"China";"2023-12-12 07:24:06";1
166;"Abran";"Wheal";"awheal4l@youtube.com";"China";"2023-07-20 03:13:42";1
167;"Liuka";"Quimby";"lquimby4m@unesco.org";"Portugal";"2023-04-03 20:59:00";0
168;"Casandra";"Pettecrew";"cpettecrew4n@wix.com";"China";"2023-03-03 14:34:26";1
169;"Dedie";"Lockton";"dlockton4o@amazon.co.uk";"China";"2024-04-17 01:27:28";0
170;"Lombard";"Dockrell";"ldockrell4p@tiny.cc";"Portugal";"2024-07-08 08:24:49";1
171;"Quinton";"Ruxton";"qruxton4q@ocn.ne.jp";"Poland";"2023-03-19 03:20:34";1
172;"Padraig";"Crannis";"pcrannis4r@bandcamp.com";"Japan";"2024-09-11 01:44:01";1
173;"Stefano";"Rottcher";"srottcher4s@oracle.com";"China";"2024-09-07 22:45:59";1
174;"Mohandis";"Laundon";"mlaundon4t@networksolutions.com";"France";"2024-07-29 15:28:00";1
175;"Ofella";"De Meis";"odemeis4u@unc.edu";"France";"2024-01-18 17:09:18";1
176;"Cordie";"Dawkes";"cdawkes4v@statcounter.com";"China";"2024-12-06 19:17:53";1
177;"Conrado";"Northbridge";"cnorthbridge4w@disqus.com";"China";"2023-07-13 20:56:38";1
178;"Callean";"O'Duane";"coduane4x@prweb.com";"Poland";"2023-05-29 19:40:10";1
179;"Blaire";"Kernermann";"bkernermann4y@miitbeian.gov.cn";"China";"2024-07-28 08:21:55";1
180;"Tyrone";"Janew";"tjanew4z@wufoo.com";"Czech Republic";"2023-09-20 12:01:50";0
181;"Micah";"Martinetto";"mmartinetto50@digg.com";"Czech Republic";"2023-09-23 04:43:13";1
182;"Alastair";"Dreschler";"adreschler51@wikipedia.org";"China";"2023-02-05 01:14:46";1
183;"Priscilla";"Klimuk";"pklimuk52@themeforest.net";"Ukraine";"2024-10-15 18:24:59";0
184;"Kylen";"Pasticznyk";"kpasticznyk53@nyu.edu";"China";"2023-02-26 01:47:16";1
185;"Blanche";"Passion";"bpassion54@fda.gov";"France";"2024-05-07 05:10:14";1
186;"Farr";"Admans";"fadmans55@microsoft.com";"China";"2023-08-07 00:01:05";1
187;"Carmela";"Blackett";"cblackett56@free.fr";"United Kingdom";"2023-08-18 09:09:15";1
188;"Gaelan";"Polhill";"gpolhill57@bing.com";"Brazil";"2024-07-22 17:17:15";0
189;"Karim";"Lambourne";"klambourne58@mayoclinic.com";"Poland";"2024-06-08 08:52:31";1
190;"Frans";"Chiplin";"fchiplin59@blogspot.com";"Poland";"2024-09-01 01:20:35";1
191;"Wileen";"Smallcombe";"wsmallcombe5a@answers.com";"Poland";"2024-04-18 01:53:55";1
192;"Denys";"Taw";"dtaw5b@aol.com";"Brazil";"2023-11-04 23:32:43";1
193;"Augustine";"Gissing";"agissing5c@craigslist.org";"Portugal";"2023-02-22 18:41:14";1
194;"Suzanne";"Cesco";"scesco5d@nature.com";"United States";"2024-05-25 08:12:17";1
195;"Angie";"Purveys";"apurveys5e@webmd.com";"Japan";"2023-05-03 01:10:51";1
196;"Caressa";"Gouth";"cgouth5f@hc360.com";"Poland";"2024-01-02 21:21:43";1
197;"Salomon";"Georgins";"sgeorgins5g@amazon.com";"United States";"2023-05-29 04:13:01";1
198;"Efren";"Aldcorn";"ealdcorn5h@oaic.gov.au";"China";"2023-09-22 23:35:08";1
199;"Gill";"Burgh";"gburgh5i@prnewswire.com";"Poland";"2024-05-05 18:13:57";1
200;"Tina";"Probert";"tprobert5j@pen.io";"Finland";"2024-07-16 08:11:53";1
201;"Rosa";"Luisetti";"rluisetti5k@nsw.gov.au";"China";"2024-12-03 11:01:31";1
202;"Archaimbaud";"Axelbee";"aaxelbee5l@issuu.com";"Poland";"2024-04-22 20:02:41";1
203;"Brooks";"Wealthall";"bwealthall5m@nhs.uk";"France";"2023-07-18 16:15:00";1
204;"Bastien";"Joberne";"bjoberne5n@berkeley.edu";"Brazil";"2024-05-19 09:13:05";1
205;"Melanie";"Bloxsome";"mbloxsome5o@behance.net";"United States";"2024-02-12 08:13:35";1
206;"Kiley";"Cottingham";"kcottingham5p@g.co";"China";"2024-03-29 11:44:19";1
207;"King";"Conibere";"kconibere5q@nhs.uk";"Poland";"2024-02-07 22:36:18";1
208;"Torrie";"Standeven";"tstandeven5r@apple.com";"China";"2024-02-06 03:27:03";0
209;"Anthia";"Peschmann";"apeschmann5s@census.gov";"China";"2024-01-13 04:24:35";1
210;"Heath";"Ipsgrave";"hipsgrave5t@ox.ac.uk";"France";"2023-01-14 17:09:29";1
211;"Tanya";"Withur";"twithur5u@xrea.com";"China";"2023-05-14 04:16:02";1
212;"Germain";"Chark";"gchark5v@wufoo.com";"Poland";"2023-01-21 04:13:49";1
213;"Jeno";"Dawkins";"jdawkins5w@friendfeed.com";"Portugal";"2024-05-25 07:11:27";1
214;"Kelwin";"Trimbey";"ktrimbey5x@alexa.com";"Portugal";"2023-09-16 02:55:37";1
215;"Hendrik";"Keoghane";"hkeoghane5y@com.com";"Ukraine";"2023-08-30 08:48:26";1
216;"Malchy";"Mawman";"mmawman5z@huffingtonpost.com";"Germany";"2024-01-28 12:54:52";1
217;"Ricki";"Coytes";"rcoytes60@purevolume.com";"China";"2024-08-08 01:13:03";1
218;"Gui";"Heffron";"gheffron61@g.co";"Czech Republic";"2023-11-22 23:02:53";1
219;"Giacomo";"Wilber";"gwilber62@nasa.gov";"Sweden";"2023-08-30 14:04:00";1
220;"Brade";"Presslee";"bpresslee63@aboutads.info";"China";"2024-08-07 21:26:18";1
221;"Mayne";"Listone";"mlistone64@indiegogo.com";"China";"2024-11-08 12:46:44";1
222;"Marquita";"Ahren";"mahren65@howstuffworks.com";"Czech Republic";"2024-06-04 21:30:36";1
223;"Darcy";"McEllen";"dmcellen66@senate.gov";"Brazil";"2023-01-25 13:16:31";1
224;"Hailey";"Mieville";"hmieville67@fema.gov";"Japan";"2023-10-22 20:37:59";1
225;"Orton";"Broker";"obroker68@phpbb.com";"Portugal";"2023-08-31 02:04:56";1
226;"Joceline";"Bromige";"jbromige69@walmart.com";"China";"2024-07-02 06:53:46";1
227;"Kippie";"Scroyton";"kscroyton6a@odnoklassniki.ru";"Poland";"2023-10-10 04:38:52";1
228;"Siegfried";"Cawcutt";"scawcutt6b@nytimes.com";"Brazil";"2023-04-22 19:48:03";1
229;"Hamnet";"Karolyi";"hkarolyi6c@disqus.com";"Ukraine";"2024-12-10 02:29:37";1
230;"Durante";"Pipworth";"dpipworth6d@yahoo.co.jp";"Czech Republic";"2024-10-23 17:25:33";1
231;"Ferne";"Legister";"flegister6e@php.net";"Portugal";"2023-02-04 12:18:02";1
232;"Dennie";"Doble";"ddoble6f@purevolume.com";"China";"2023-03-03 16:15:25";1
233;"Lilyan";"Ree";"lree6g@squidoo.com";"China";"2024-05-06 21:25:30";1
234;"Keir";"Bernardin";"kbernardin6h@google.com.hk";"Poland";"2023-06-22 12:05:18";1
235;"Nerti";"Buglass";"nbuglass6i@wsj.com";"Spain";"2024-06-20 09:18:39";1
236;"Missie";"Creane";"mcreane6j@omniture.com";"Sweden";"2023-11-11 05:35:47";1
237;"Sheree";"Jorczyk";"sjorczyk6k@ycombinator.com";"Poland";"2024-08-05 13:54:47";1
238;"Dominique";"Trehearne";"dtrehearne6l@auda.org.au";"Poland";"2024-08-24 03:37:40";1
239;"Lay";"Alaway";"lalaway6m@smugmug.com";"China";"2023-03-27 17:40:51";1
240;"Elizabet";"Mullis";"emullis6n@tamu.edu";"Poland";"2023-10-28 19:17:03";1
241;"Angelia";"Lince";"alince6o@nbcnews.com";"China";"2023-08-12 17:13:15";0
242;"Janka";"Caville";"jcaville6p@vimeo.com";"China";"2024-05-09 20:14:38";1
243;"Adolphus";"Tremollet";"atremollet6q@last.fm";"Poland";"2024-10-26 05:45:39";1
244;"Jerrie";"Simek";"jsimek6r@accuweather.com";"China";"2023-05-05 01:02:53";1
245;"Dallis";"Ashmore";"dashmore6s@netvibes.com";"United States";"2024-11-16 05:46:06";1
246;"Ewart";"Butner";"ebutner6t@google.de";"France";"2023-04-02 13:55:17";1
247;"Latisha";"Picard";"lpicard6u@hc360.com";"Brazil";"2024-02-05 14:14:41";1
248;"Kilian";"Bratley";"kbratley6v@yelp.com";"France";"2023-02-12 11:10:07";1
249;"Gregor";"O'Mannion";"gomannion6w@biglobe.ne.jp";"Poland";"2024-12-08 15:56:12";1
250;"Elvera";"Scholl";"escholl6x@fotki.com";"China";"2024-01-10 05:11:56";1
251;"Nickolaus";"Strodder";"nstrodder6y@usgs.gov";"United States";"2023-02-05 14:32:06";1
252;"Bernette";"Pitherick";"bpitherick6z@pbs.org";"China";"2024-05-17 08:28:00";1
253;"Walker";"Mariet";"wmariet70@storify.com";"China";"2023-06-13 05:12:26";1
254;"Bert";"Spoor";"bspoor71@arizona.edu";"China";"2024-04-30 15:46:51";1
255;"Jeremie";"Skelly";"jskelly72@java.com";"China";"2024-01-25 15:35:26";1
256;"Roch";"Klyn";"rklyn73@smh.com.au";"China";"2023-04-28 17:33:26";1
257;"Clemmie";"Bilverstone";"cbilverstone74@xinhuanet.com";"Portugal";"2023-01-01 06:11:02";0
258;"Penny";"Downton";"pdownton75@last.fm";"Poland";"2024-09-15 09:55:29";1
259;"Roderic";"Claus";"rclaus76@bing.com";"China";"2023-01-30 11:38:50";1
260;"Shea";"Knatt";"sknatt77@goo.ne.jp";"China";"2024-02-23 07:14:50";0
261;"Pooh";"Burrow";"pburrow78@unicef.org";"China";"2023-08-26 08:38:04";1
262;"Jenine";"Bonelle";"jbonelle79@nydailynews.com";"Czech Republic";"2023-12-29 04:56:38";1
263;"Manfred";"Waker";"mwaker7a@elegantthemes.com";"Czech Republic";"2024-12-09 16:28:32";1
264;"Lulu";"Eddisforth";"leddisforth7b@mapquest.com";"China";"2023-11-11 05:42:02";1
265;"Washington";"Tzarkov";"wtzarkov7c@google.ru";"China";"2024-01-11 19:38:10";1
266;"August";"Parley";"aparley7d@addthis.com";"Brazil";"2023-06-06 16:52:50";1
267;"Coleman";"Bennington";"cbennington7e@ezinearticles.com";"Brazil";"2023-11-28 16:46:13";1
268;"Ula";"Sammonds";"usammonds7f@hugedomains.com";"France";"2023-06-03 03:38:09";1
269;"Mic";"Errichelli";"merrichelli7g@wikipedia.org";"China";"2023-01-28 14:37:31";1
270;"Walker";"McGlade";"wmcglade7h@joomla.org";"China";"2023-07-03 16:25:20";1
271;"Samara";"Playfoot";"splayfoot7i@jiathis.com";"China";"2023-11-12 15:49:08";1
272;"Caitlin";"Garmey";"cgarmey7j@hc360.com";"China";"2023-05-03 23:10:20";1
273;"Kalli";"Haysham";"khaysham7k@indiatimes.com";"Japan";"2023-03-12 03:27:43";1
274;"Odetta";"Punch";"opunch7l@upenn.edu";"Czech Republic";"2023-04-27 15:37:08";1
275;"Tedi";"Greenless";"tgreenless7m@skype.com";"China";"2023-10-15 13:48:04";1
276;"Jacqui";"Droghan";"jdroghan7n@canalblog.com";"Brazil";"2024-04-25 21:30:58";1
277;"Kym";"Madge";"kmadge7o@xing.com";"Brazil";"2024-11-10 20:40:46";1
278;"Gav";"Slark";"gslark7p@studiopress.com";"Ukraine";"2023-11-11 09:29:43";1
279;"Baily";"Schulke";"bschulke7q@uiuc.edu";"Portugal";"2023-07-17 01:43:15";1
280;"Christy";"Volage";"cvolage7r@china.com.cn";"China";"2023-03-29 03:03:37";1
281;"Faina";"Scannell";"fscannell7s@cam.ac.uk";"Japan";"2023-05-14 21:32:14";1
282;"Dianna";"Davioud";"ddavioud7t@nifty.com";"Poland";"2024-02-20 17:48:35";1
283;"Guendolen";"Swepstone";"gswepstone7u@tumblr.com";"United States";"2024-03-31 23:56:52";1
284;"Terri";"Vitte";"tvitte7v@gov.uk";"Portugal";"2024-07-16 00:37:04";1
285;"Juliet";"Casellas";"jcasellas7w@alexa.com";"France";"2023-07-19 16:17:31";1
286;"Dave";"Birtwhistle";"dbirtwhistle7x@dagondesign.com";"China";"2024-11-12 03:24:09";1
287;"Nicky";"Braxay";"nbraxay7y@forbes.com";"France";"2023-10-08 01:06:29";1
288;"Agnes";"Peacock";"apeacock7z@tmall.com";"China";"2023-04-12 04:00:50";1
289;"Leonerd";"Hlavac";"lhlavac80@berkeley.edu";"China";"2024-09-16 12:15:47";1
290;"Elysia";"Chipperfield";"echipperfield81@surveymonkey.com";"China";"2024-07-01 05:29:36";1
291;"Ethelred";"Enderby";"eenderby82@netscape.com";"Czech Republic";"2023-12-17 16:39:23";1
292;"Emery";"holmes";"eholmes83@xinhuanet.com";"France";"2023-10-10 15:59:11";1
293;"Bard";"Westfield";"bwestfield84@wordpress.com";"Poland";"2024-08-18 17:38:16";1
294;"Xever";"Nolleth";"xnolleth85@phoca.cz";"China";"2023-04-16 04:20:30";1
295;"Goddart";"Minard";"gminard86@google.ru";"China";"2023-01-28 04:17:41";1
296;"Sheff";"Larkins";"slarkins87@google.pl";"Sweden";"2023-01-13 02:25:25";1
297;"Mady";"Tavernor";"mtavernor88@wisc.edu";"Czech Republic";"2023-05-30 13:54:34";1
298;"Joyous";"McIndoe";"jmcindoe89@spotify.com";"China";"2023-07-30 19:33:14";1
299;"Catarina";"Petrasso";"cpetrasso8a@desdev.cn";"Portugal";"2024-02-25 21:40:22";1
300;"Lucas";"Lorenz";"llorenz8b@engadget.com";"Czech Republic";"2024-06-27 04:04:58";1
301;"Donall";"Terzo";"dterzo8c@cocolog-nifty.com";"United States";"2024-06-22 12:53:45";1
302;"Jo-ann";"Manston";"jmanston8d@npr.org";"Poland";"2024-05-04 13:40:33";1
303;"Jozef";"Kyle";"jkyle8e@ehow.com";"Poland";"2023-07-23 14:07:58";1
304;"Selma";"Capponeer";"scapponeer8f@walmart.com";"China";"2024-03-08 10:00:35";1
305;"Sisile";"Penna";"spenna8g@woothemes.com";"Portugal";"2024-08-25 13:51:09";1
306;"Liva";"Linzee";"llinzee8h@paypal.com";"China";"2023-04-02 11:57:27";1
307;"Byrom";"Oswell";"boswell8i@mapy.cz";"China";"2024-05-27 16:48:04";1
308;"Issy";"Dixsee";"idixsee8j@seattletimes.com";"France";"2024-12-29 04:35:42";1
309;"Alli";"Craxford";"acraxford8k@npr.org";"China";"2023-05-05 21:36:11";1
310;"Corbin";"Matuschek";"cmatuschek8l@tripadvisor.com";"Poland";"2023-07-31 03:58:13";1
311;"Madeleine";"Denis";"mdenis8m@cmu.edu";"China";"2024-12-15 09:40:14";1
312;"Ramsay";"Kentish";"rkentish8n@alibaba.com";"China";"2023-02-12 11:55:50";1
313;"Monica";"Halley";"mhalley8o@bravesites.com";"Ukraine";"2023-07-12 06:42:07";1
314;"Marnie";"Buchett";"mbuchett8p@blinklist.com";"China";"2024-04-07 07:01:55";0
315;"Shandee";"Hastler";"shastler8q@feedburner.com";"China";"2024-03-12 15:30:09";0
316;"Christophorus";"Bremner";"cbremner8r@hubpages.com";"United States";"2024-11-29 22:49:22";1
317;"Francyne";"MacGraith";"fmacgraith8s@tinyurl.com";"Sweden";"2024-06-12 18:16:07";1
318;"Lorita";"Cottie";"lcottie8t@abc.net.au";"Germany";"2024-03-07 22:41:21";0
319;"Coop";"Eggleson";"ceggleson8u@bravesites.com";"China";"2023-11-08 06:29:30";1
320;"Randolf";"Lacy";"rlacy8v@mediafire.com";"Poland";"2024-05-23 05:22:20";1
321;"Francine";"Van Leijs";"fvanleijs8w@slideshare.net";"Brazil";"2023-02-07 18:43:11";1
322;"Jill";"Larter";"jlarter8x@umn.edu";"China";"2023-01-01 20:48:13";1
323;"Ami";"Grayne";"agrayne8y@drupal.org";"Sweden";"2024-10-12 11:25:05";1
324;"Ave";"Sabathe";"asabathe8z@cafepress.com";"China";"2023-10-26 18:37:44";1
325;"Monique";"Howsan";"mhowsan90@over-blog.com";"Germany";"2024-06-15 16:41:48";1
326;"Donaugh";"Loache";"dloache91@wikispaces.com";"China";"2023-04-28 15:06:45";1
327;"Herb";"Denne";"hdenne92@cnbc.com";"Brazil";"2024-10-03 05:56:21";1
328;"Cobbie";"Donett";"cdonett93@slideshare.net";"Portugal";"2024-01-23 01:06:11";0
329;"Erminie";"Hing";"ehing94@lulu.com";"China";"2024-07-09 19:54:24";1
330;"Lindon";"Bonson";"lbonson95@aboutads.info";"China";"2024-04-05 20:24:07";1
331;"Bevan";"Askie";"baskie96@quantcast.com";"Brazil";"2024-10-07 11:40:30";1
332;"Calli";"Maund";"cmaund97@dailymotion.com";"China";"2023-10-09 21:49:18";1
333;"Julianna";"Searl";"jsearl98@amazon.de";"China";"2023-09-17 23:42:43";1
334;"Abramo";"Horbart";"ahorbart99@clickbank.net";"Brazil";"2023-07-27 03:54:59";1
335;"Franciska";"Duncklee";"fduncklee9a@rambler.ru";"China";"2023-02-03 13:36:00";1
336;"Loutitia";"Hallows";"lhallows9b@msn.com";"France";"2023-10-26 17:00:12";1
337;"Janek";"Clemson";"jclemson9c@ehow.com";"China";"2023-10-02 23:30:36";1
338;"Vinni";"Hansill";"vhansill9d@buzzfeed.com";"Sweden";"2023-01-08 09:54:28";1
339;"Markus";"Bullant";"mbullant9e@gizmodo.com";"Ireland";"2023-03-10 03:53:21";1
340;"Reagan";"Eidelman";"reidelman9f@boston.com";"China";"2023-05-16 05:07:42";0
341;"Zed";"Lovie";"zlovie9g@webmd.com";"China";"2024-09-08 04:30:30";1
342;"Rufus";"Abbado";"rabbado9h@ihg.com";"China";"2024-12-11 05:02:02";1
343;"Ranique";"Galton";"rgalton9i@bigcartel.com";"China";"2024-04-06 16:37:53";1
344;"Jake";"Parkhouse";"jparkhouse9j@ca.gov";"Sweden";"2024-10-11 15:14:35";1
345;"Norri";"More";"nmore9k@japanpost.jp";"United Kingdom";"2024-01-19 00:44:07";1
346;"Janet";"Graeser";"jgraeser9l@multiply.com";"Poland";"2023-11-04 09:09:21";1
347;"Eb";"Edgington";"eedgington9m@people.com.cn";"Ireland";"2024-06-17 11:08:16";1
348;"Meggi";"Costell";"mcostell9n@zdnet.com";"China";"2024-12-20 02:34:33";1
349;"Cesare";"Hampson";"champson9o@amazon.co.uk";"Sweden";"2023-05-26 09:09:22";1
350;"Benedick";"Slipper";"bslipper9p@biglobe.ne.jp";"Sweden";"2024-01-20 07:41:12";1
351;"Frasquito";"Klimpt";"fklimpt9q@bandcamp.com";"China";"2023-08-09 19:56:56";0
352;"Ketty";"Towlson";"ktowlson9r@paypal.com";"Portugal";"2023-11-08 22:44:59";1
353;"Shell";"Guttridge";"sguttridge9s@utexas.edu";"China";"2023-09-16 09:24:11";1
354;"Sonia";"Jasik";"sjasik9t@reddit.com";"China";"2024-12-10 18:03:01";1
355;"Lion";"Kildale";"lkildale9u@si.edu";"China";"2024-08-08 08:37:40";1
356;"Vaclav";"McSharry";"vmcsharry9v@army.mil";"Sweden";"2023-01-29 07:18:41";1
357;"Yetta";"Haysom";"yhaysom9w@yelp.com";"China";"2024-10-06 13:41:41";1
358;"West";"Kaes";"wkaes9x@ihg.com";"China";"2024-06-21 12:34:18";1
359;"Lucinda";"Niave";"lniave9y@who.int";"China";"2023-09-24 12:11:03";1
360;"Darrell";"Foot";"dfoot9z@privacy.gov.au";"China";"2023-10-27 09:02:27";1
361;"Erin";"Turley";"eturleya0@mac.com";"Czech Republic";"2023-02-06 11:09:32";1
362;"Nicolis";"Graith";"ngraitha1@dedecms.com";"China";"2023-10-26 05:24:10";1
363;"Mart";"Bundey";"mbundeya2@rakuten.co.jp";"Japan";"2023-10-29 08:34:43";1
364;"Dewey";"Leetham";"dleethama3@hc360.com";"Sweden";"2024-10-28 15:44:25";0
365;"Barrie";"Liddiatt";"bliddiatta4@photobucket.com";"China";"2024-09-18 12:55:55";1
366;"Annmaria";"Darke";"adarkea5@boston.com";"Japan";"2023-11-03 15:01:17";1
367;"Dorolice";"Lecky";"dleckya6@prnewswire.com";"Sweden";"2024-03-15 04:55:08";0
368;"Obidiah";"Reglar";"oreglara7@yahoo.co.jp";"China";"2024-08-09 05:12:10";1
369;"Kellen";"Sheran";"ksherana8@godaddy.com";"China";"2023-09-23 20:46:07";1
370;"Andrea";"Parzizek";"aparzizeka9@ucla.edu";"China";"2024-07-08 12:11:34";1
371;"Starlin";"Sandars";"ssandarsaa@furl.net";"France";"2024-07-01 16:47:54";1
372;"Pauly";"Salzen";"psalzenab@cbslocal.com";"China";"2024-06-13 01:25:09";1
373;"Damian";"Heggison";"dheggisonac@dion.ne.jp";"Poland";"2024-09-26 13:10:04";1
374;"Nanice";"Whittlesee";"nwhittleseead@utexas.edu";"China";"2023-07-30 17:36:59";1
375;"Avril";"Baskett";"abaskettae@earthlink.net";"China";"2024-09-18 13:20:12";1
376;"Laetitia";"Dani";"ldaniaf@bigcartel.com";"Sweden";"2023-05-28 14:51:31";1
377;"Kaleena";"MacAlister";"kmacalisterag@netlog.com";"China";"2023-11-12 10:50:07";1
378;"Harvey";"Grocott";"hgrocottah@amazon.de";"China";"2024-08-19 08:10:59";1
379;"Dru";"Whitmore";"dwhitmoreai@umich.edu";"Brazil";"2024-09-04 19:52:10";1
380;"Kaye";"Hof";"khofaj@berkeley.edu";"China";"2023-09-20 09:46:56";1
381;"Lucky";"Yateman";"lyatemanak@e-recht24.de";"China";"2024-08-25 08:45:22";1
382;"Rolfe";"Beville";"rbevilleal@reddit.com";"China";"2024-08-27 12:29:31";1
383;"Sidonnie";"Impey";"simpeyam@smugmug.com";"Germany";"2023-08-14 12:16:41";1
384;"Red";"Ferro";"rferroan@biblegateway.com";"China";"2023-03-13 22:20:06";1
385;"Euphemia";"Kliche";"eklicheao@gravatar.com";"China";"2024-02-02 13:29:24";1
386;"Patsy";"Blague";"pblagueap@yelp.com";"Finland";"2023-07-24 22:13:37";1
387;"Reade";"Whate";"rwhateaq@timesonline.co.uk";"Czech Republic";"2023-01-12 12:48:56";1
388;"Basia";"Espadas";"bespadasar@nih.gov";"Sweden";"2024-01-08 03:32:32";0
389;"Garnette";"Witherow";"gwitherowas@ucsd.edu";"China";"2024-01-15 14:42:30";0
390;"Carolin";"McAlpin";"cmcalpinat@ifeng.com";"China";"2024-12-30 11:19:02";1
391;"Pernell";"Chadband";"pchadbandau@ftc.gov";"United States";"2023-09-03 06:15:35";1
392;"Catie";"Golton";"cgoltonav@imageshack.us";"Poland";"2023-04-15 08:07:52";1
393;"Audrie";"Thomel";"athomelaw@boston.com";"China";"2023-01-18 15:56:52";0
394;"Remington";"Shorrock";"rshorrockax@auda.org.au";"China";"2023-12-20 19:48:04";1
395;"Corie";"Vear";"cvearay@macromedia.com";"Poland";"2023-05-14 07:40:06";1
396;"Deanna";"Cowderoy";"dcowderoyaz@mit.edu";"China";"2023-06-26 01:51:48";1
397;"Vita";"Barrass";"vbarrassb0@studiopress.com";"China";"2024-09-12 20:16:36";1
398;"Mano";"Baglin";"mbaglinb1@domainmarket.com";"Poland";"2024-11-29 17:50:35";1
399;"Emmerich";"Vanichev";"evanichevb2@noaa.gov";"Japan";"2023-09-14 11:47:46";1
400;"Ilsa";"Skullet";"iskulletb3@vkontakte.ru";"Sweden";"2023-05-05 14:25:46";1
401;"Nolan";"Heed";"nheedb4@nba.com";"China";"2023-10-30 22:09:40";1
402;"Pernell";"Baack";"pbaackb5@flavors.me";"United Kingdom";"2023-02-01 22:45:54";1
403;"Rik";"Evans";"revansb6@moonfruit.com";"Portugal";"2023-08-19 22:10:01";1
404;"Taber";"Confait";"tconfaitb7@biblegateway.com";"Poland";"2024-07-18 17:03:25";1
405;"Bertine";"Boyington";"bboyingtonb8@hibu.com";"China";"2023-06-28 16:45:04";1
406;"Tobit";"Burland";"tburlandb9@go.com";"Sweden";"2023-11-17 16:44:16";1
407;"Averill";"Lukehurst";"alukehurstba@diigo.com";"Brazil";"2023-02-05 20:29:20";1
408;"Dareen";"Melbury";"dmelburybb@bluehost.com";"Sweden";"2024-02-29 16:18:31";1
409;"Othella";"Peiro";"opeirobc@marketwatch.com";"Brazil";"2024-04-14 02:03:50";1
410;"Rochell";"Lett";"rlettbd@washington.edu";"China";"2023-11-06 05:50:30";1
411;"Godart";"Westphal";"gwestphalbe@opensource.org";"China";"2024-02-12 14:35:02";0
412;"Hobard";"Crampsy";"hcrampsybf@1688.com";"Poland";"2023-11-28 05:19:18";1
413;"Polly";"Ricket";"pricketbg@mysql.com";"Brazil";"2024-10-26 04:37:10";1
414;"Hamil";"Hrishchenko";"hhrishchenkobh@sohu.com";"China";"2024-05-30 20:31:42";1
415;"Nikita";"Sivell";"nsivellbi@wordpress.org";"France";"2024-11-30 20:50:15";1
416;"Melisenda";"Larmor";"mlarmorbj@ebay.com";"China";"2023-01-02 17:57:02";0
417;"Waring";"Sanbrook";"wsanbrookbk@indiatimes.com";"China";"2023-05-26 16:03:07";0
418;"Marika";"Gloyens";"mgloyensbl@weibo.com";"United States";"2024-06-05 02:12:35";1
419;"Xaviera";"Dugood";"xdugoodbm@myspace.com";"China";"2024-12-18 07:08:51";1
420;"Selinda";"Kinnen";"skinnenbn@homestead.com";"Germany";"2023-11-14 04:51:20";1
421;"Trace";"Cassius";"tcassiusbo@phoca.cz";"Brazil";"2024-04-23 14:29:06";1
422;"Ozzie";"Filasov";"ofilasovbp@netvibes.com";"China";"2023-08-19 22:01:10";1
423;"Gunter";"Wimpress";"gwimpressbq@uol.com.br";"Sweden";"2023-06-15 20:53:10";1
424;"Korry";"Gladstone";"kgladstonebr@nih.gov";"China";"2024-10-14 05:11:38";1
425;"Suzy";"Cossem";"scossembs@intel.com";"Portugal";"2023-12-14 17:59:03";1
426;"Sylas";"Piff";"spiffbt@amazon.de";"Sweden";"2023-07-12 15:45:35";1
427;"Krissy";"Queen";"kqueenbu@tamu.edu";"Portugal";"2023-11-24 11:27:01";1
428;"Sansone";"Cordel";"scordelbv@youtu.be";"Ireland";"2024-03-10 03:15:52";1
429;"Jedediah";"Cammocke";"jcammockebw@xing.com";"Brazil";"2023-02-04 01:06:22";1
430;"Colly";"Gidman";"cgidmanbx@businesswire.com";"China";"2023-12-28 09:16:00";1
431;"Karlotte";"Braunfeld";"kbraunfeldby@dot.gov";"Poland";"2023-03-23 08:20:43";1
432;"Harmonia";"Roden";"hrodenbz@nytimes.com";"Portugal";"2024-05-26 00:54:42";1
433;"Jeffy";"Eilert";"jeilertc0@cafepress.com";"China";"2023-11-27 00:58:12";1
434;"Duffie";"Coventry";"dcoventryc1@sbwire.com";"Sweden";"2023-07-01 22:27:17";1
435;"Chucho";"McCaughran";"cmccaughranc2@army.mil";"Poland";"2024-03-07 16:37:43";1
436;"Margalit";"Gurden";"mgurdenc3@exblog.jp";"China";"2023-08-05 15:02:39";1
437;"Weber";"Decker";"wdeckerc4@edublogs.org";"France";"2024-12-17 22:14:48";1
438;"Dennie";"Wason";"dwasonc5@moonfruit.com";"United Kingdom";"2024-03-11 18:51:27";1
439;"Nev";"Hosby";"nhosbyc6@cloudflare.com";"Brazil";"2023-07-03 22:59:33";0
440;"Reynold";"Pledger";"rpledgerc7@cbslocal.com";"United States";"2023-12-11 21:09:45";0
441;"Conrad";"Neely";"cneelyc8@topsy.com";"Czech Republic";"2024-08-11 01:45:43";1
442;"Kandace";"Storre";"kstorrec9@jiathis.com";"China";"2024-09-30 03:40:02";1
443;"Chaim";"Cusick";"ccusickca@quantcast.com";"China";"2024-08-28 09:26:54";1
444;"Cleopatra";"Petraitis";"cpetraitiscb@google.ca";"China";"2023-07-26 10:55:17";1
445;"Link";"Bergeon";"lbergeoncc@noaa.gov";"China";"2024-07-06 10:41:16";0
446;"Parker";"Vance";"pvancecd@is.gd";"Portugal";"2024-07-15 18:43:07";1
447;"Rhodie";"Norman";"rnormance@hp.com";"China";"2024-09-09 21:21:15";1
448;"Jamima";"Havesides";"jhavesidescf@fema.gov";"Sweden";"2024-01-24 20:33:21";1
449;"Aristotle";"Tilmouth";"atilmouthcg@cornell.edu";"Sweden";"2024-04-05 15:58:54";0
450;"Wilow";"Aucock";"waucockch@is.gd";"China";"2023-09-12 12:36:08";0
451;"Ingeberg";"Franzen";"ifranzenci@howstuffworks.com";"China";"2024-09-20 11:17:08";1
452;"Stillmann";"McDonnell";"smcdonnellcj@va.gov";"Japan";"2024-07-06 13:16:20";1
453;"Dulcia";"Maltby";"dmaltbyck@who.int";"Ukraine";"2023-05-21 16:41:07";1
454;"Matias";"Bartaletti";"mbartaletticl@themeforest.net";"Brazil";"2023-06-20 16:40:55";1
455;"Ferdinand";"Phizaclea";"fphizacleacm@livejournal.com";"China";"2024-11-18 14:11:52";1
456;"Marlane";"Boreland";"mborelandcn@house.gov";"China";"2023-05-19 18:36:32";1
457;"Roseanna";"Stranio";"rstranioco@bloomberg.com";"Finland";"2024-06-27 22:31:27";1
458;"Jolee";"Wheatland";"jwheatlandcp@businessweek.com";"Portugal";"2024-07-31 17:24:43";1
459;"Consalve";"McCobb";"cmccobbcq@sun.com";"Brazil";"2023-03-13 23:13:57";1
460;"Muriel";"Belden";"mbeldencr@nytimes.com";"France";"2024-11-19 19:11:18";1
461;"Bronnie";"McGlaughn";"bmcglaughncs@cloudflare.com";"Poland";"2023-05-02 03:06:48";1
462;"Berkly";"Yankin";"byankinct@examiner.com";"China";"2024-06-24 21:28:46";1
463;"Micky";"Clayton";"mclaytoncu@issuu.com";"Sweden";"2023-04-15 12:48:32";1
464;"Willow";"Legerton";"wlegertoncv@list-manage.com";"Finland";"2024-03-08 20:56:23";1
465;"Chandal";"Buscombe";"cbuscombecw@godaddy.com";"China";"2024-01-18 15:37:41";1
466;"Cob";"Milsted";"cmilstedcx@usnews.com";"China";"2023-12-31 15:42:14";1
467;"Rosalyn";"Laydel";"rlaydelcy@upenn.edu";"Poland";"2023-10-19 16:33:06";1
468;"Gabriella";"Girkins";"ggirkinscz@bandcamp.com";"Poland";"2024-04-07 04:21:48";1
469;"Jemmy";"Smuth";"jsmuthd0@diigo.com";"China";"2024-08-07 21:25:40";1
470;"Cory";"Giacomuzzo";"cgiacomuzzod1@state.gov";"China";"2024-11-11 10:36:33";1
471;"Randy";"Woollcott";"rwoollcottd2@sitemeter.com";"Portugal";"2024-03-02 10:49:19";0
472;"Cristi";"Concannon";"cconcannond3@scribd.com";"China";"2024-04-28 06:55:09";1
473;"Edi";"O'Henery";"eoheneryd4@wix.com";"Japan";"2024-11-22 09:08:20";1
474;"Sly";"Rochelle";"srochelled5@freewebs.com";"Sweden";"2023-05-23 19:57:30";0
475;"Salvidor";"Kiehnlt";"skiehnltd6@admin.ch";"United Kingdom";"2024-10-17 19:18:50";1
476;"Idell";"Phelip";"iphelipd7@histats.com";"China";"2023-02-27 15:12:48";1
477;"Frannie";"Goudie";"fgoudied8@time.com";"Brazil";"2023-10-14 14:37:01";1
478;"Krisha";"Onslow";"konslowd9@wp.com";"France";"2024-11-08 02:22:53";1
479;"Reagen";"Jagielski";"rjagielskida@unc.edu";"Portugal";"2024-05-29 11:44:53";1
480;"Dorothea";"Othick";"dothickdb@cargocollective.com";"China";"2023-04-20 05:48:23";1
481;"Egbert";"Breede";"ebreededc@unicef.org";"Czech Republic";"2023-06-23 01:41:19";1
482;"Sadye";"Evill";"sevilldd@tiny.cc";"Brazil";"2023-11-18 13:56:09";0
483;"Freeman";"Twallin";"ftwallinde@cyberchimps.com";"China";"2023-10-31 05:39:34";1
484;"Consuelo";"Overall";"coveralldf@sun.com";"Czech Republic";"2023-07-21 23:18:23";1
485;"Penni";"Atchly";"patchlydg@hao123.com";"France";"2024-11-21 18:50:48";0
486;"Farrell";"Dannohl";"fdannohldh@mozilla.com";"France";"2023-09-24 09:37:21";1
487;"Alidia";"Wardingley";"awardingleydi@reddit.com";"France";"2024-12-15 08:51:11";1
488;"Donavon";"Binner";"dbinnerdj@samsung.com";"China";"2023-05-06 09:29:23";1
489;"Brannon";"Merrall";"bmerralldk@wufoo.com";"Finland";"2023-05-07 16:51:36";1
490;"Brandy";"Dakhno";"bdakhnodl@princeton.edu";"China";"2023-04-06 06:24:14";1
491;"Skippy";"Rogan";"srogandm@hatena.ne.jp";"United States";"2023-05-03 04:52:44";1
492;"Valdemar";"Jury";"vjurydn@goo.gl";"China";"2023-10-27 09:41:02";1
493;"Simone";"Braniff";"sbraniffdo@wunderground.com";"China";"2023-12-03 15:52:39";1
494;"Emelia";"Doone";"edoonedp@google.es";"Sweden";"2023-03-26 23:27:36";1
495;"Nicolea";"Argent";"nargentdq@prweb.com";"United States";"2024-08-15 05:40:02";1
496;"Brandi";"Gogay";"bgogaydr@yahoo.com";"United States";"2023-02-18 20:49:04";1
497;"Kendal";"Absolon";"kabsolonds@china.com.cn";"Sweden";"2024-05-07 07:32:01";1
498;"Peder";"Penbarthy";"ppenbarthydt@arstechnica.com";"Czech Republic";"2023-01-06 01:01:12";1
499;"Kerri";"Camacke";"kcamackedu@soup.io";"Brazil";"2023-07-12 15:29:03";1
500;"Constantino";"Castelain";"ccastelaindv@samsung.com";"China";"2024-10-25 19:57:48";1
