"payment_id";"order_id";"payment_date";"payment_method";"status";"amount"
1;1;"2024-04-19 05:53:15";"google_pay";"failed";1654.34
2;2;"2023-10-19 10:24:48";"card";"pending";4477.35
3;3;"2023-02-18 00:45:34";"card";"failed";4144.91
4;4;"2024-08-02 18:12:49";"apple_pay";"pending";4903.07
5;5;"2024-03-26 02:56:17";"apple_pay";"completed";3817.04
6;6;"2023-10-09 11:16:40";"paypal";"failed";2734.12
7;7;"2023-09-28 03:28:01";"paypal";"refunded";3791.51
8;8;"2024-11-27 21:05:57";"paypal";"refunded";1960.12
9;9;"2024-12-19 00:23:44";"apple_pay";"refunded";4808.71
10;10;"2024-02-24 14:03:55";"blik";"failed";2788.79
11;11;"2024-12-23 02:18:44";"paypal";"refunded";1850.36
12;12;"2024-02-10 21:10:09";"card";"pending";702.34
13;13;"2023-02-10 16:36:23";"apple_pay";"pending";220.19
14;14;"2024-08-20 10:26:09";"blik";"failed";576.34
15;15;"2023-04-24 09:28:05";"apple_pay";"failed";2524.97
16;16;"2024-04-04 09:18:59";"google_pay";"completed";4413.57
17;17;"2024-03-25 07:07:03";"apple_pay";"pending";1453.98
18;18;"2023-05-22 03:05:20";"paypal";"pending";3592.42
19;19;"2023-07-22 07:59:54";"blik";"pending";3304.97
20;20;"2023-08-31 00:49:42";"apple_pay";"failed";3820.51
21;21;"2023-08-05 02:41:50";"blik";"completed";836.57
22;22;"2024-04-02 00:09:38";"paypal";"completed";1893.94
23;23;"2024-12-26 07:39:38";"paypal";"refunded";472.83
24;24;"2024-10-10 13:32:43";"card";"pending";1836.45
25;25;"2024-10-18 09:06:54";"paypal";"failed";4836.89
26;26;"2024-01-09 12:19:06";"blik";"refunded";2051.43
27;27;"2024-03-13 22:59:15";"blik";"completed";2467.98
28;28;"2023-03-16 01:45:25";"blik";"completed";961.38
29;29;"2024-07-22 04:25:40";"card";"refunded";4893.38
30;30;"2023-10-17 14:36:52";"google_pay";"completed";3314.7
31;31;"2023-06-01 08:50:14";"apple_pay";"failed";309.55
32;32;"2023-10-03 11:47:45";"card";"pending";2710.36
33;33;"2023-09-23 09:47:12";"card";"refunded";2218.3
34;34;"2023-08-14 01:26:37";"card";"failed";3647.02
35;35;"2024-06-08 03:13:13";"blik";"refunded";3816.28
36;36;"2024-05-21 15:58:39";"apple_pay";"refunded";3387.58
37;37;"2023-05-30 18:48:27";"card";"completed";3153.22
38;38;"2023-02-21 15:30:47";"blik";"failed";810.37
39;39;"2024-08-02 03:30:22";"card";"failed";3961.92
40;40;"2023-12-19 05:07:23";"blik";"completed";768.11
41;41;"2023-02-20 01:46:40";"apple_pay";"pending";2998.9
42;42;"2023-12-11 01:51:24";"apple_pay";"refunded";691.14
43;43;"2023-12-10 03:54:01";"card";"completed";2814.49
44;44;"2023-03-11 18:22:11";"blik";"refunded";3313.95
45;45;"2023-03-18 00:47:43";"card";"refunded";2376.48
46;46;"2023-03-26 13:41:20";"paypal";"refunded";2978.77
47;47;"2023-06-26 17:30:27";"paypal";"completed";809.17
48;48;"2023-12-07 16:33:59";"google_pay";"pending";800.89
49;49;"2023-01-21 19:39:58";"apple_pay";"pending";2142.85
50;50;"2024-07-11 02:26:10";"paypal";"completed";2932.47
51;51;"2023-06-21 02:57:25";"card";"refunded";3999.45
52;52;"2024-12-22 14:07:05";"card";"failed";899.18
53;53;"2024-10-19 18:31:14";"paypal";"completed";2372.12
54;54;"2024-05-13 03:58:50";"paypal";"refunded";4053.18
55;55;"2023-06-14 18:38:32";"card";"completed";2844.88
56;56;"2024-08-22 08:00:25";"paypal";"completed";2201.57
57;57;"2023-11-19 09:57:35";"paypal";"failed";3641.27
58;58;"2023-11-29 11:31:44";"blik";"pending";1584.4
59;59;"2024-04-06 20:06:04";"google_pay";"refunded";3747.82
60;60;"2024-07-19 10:56:14";"apple_pay";"failed";3588.08
61;61;"2023-02-27 09:18:25";"google_pay";"refunded";1487.41
62;62;"2023-08-01 05:24:51";"blik";"pending";4982.19
63;63;"2024-09-01 01:28:03";"google_pay";"failed";4101.96
64;64;"2023-04-23 12:02:18";"card";"completed";1502.44
65;65;"2024-12-17 01:24:04";"paypal";"pending";3634.53
66;66;"2024-03-02 19:44:21";"blik";"refunded";3518.76
67;67;"2023-10-19 15:33:00";"paypal";"failed";1840.03
68;68;"2024-07-21 20:37:23";"blik";"completed";77.99
69;69;"2024-01-06 04:33:49";"google_pay";"failed";3290.09
70;70;"2024-05-19 11:12:53";"apple_pay";"pending";4918.33
71;71;"2024-03-31 07:54:58";"paypal";"pending";679.06
72;72;"2023-06-11 11:55:44";"card";"completed";2689.84
73;73;"2023-11-28 11:29:06";"card";"failed";3970.34
74;74;"2023-04-03 20:30:47";"paypal";"completed";3379.51
75;75;"2023-02-23 23:30:44";"paypal";"pending";157.52
76;76;"2024-05-08 20:03:23";"google_pay";"refunded";1478.6
77;77;"2024-03-14 05:58:23";"apple_pay";"failed";469.78
78;78;"2024-10-08 11:08:02";"paypal";"refunded";1360.21
79;79;"2023-04-25 21:43:43";"apple_pay";"pending";2129.15
80;80;"2023-11-13 14:54:25";"apple_pay";"failed";1778.87
81;81;"2024-01-10 20:02:28";"card";"completed";600.77
82;82;"2023-05-08 19:36:49";"blik";"pending";4472.4
83;83;"2023-02-01 14:52:42";"paypal";"pending";4925.2
84;84;"2023-02-18 18:38:28";"paypal";"refunded";1622.29
85;85;"2023-12-25 20:39:08";"card";"completed";4735.74
86;86;"2024-01-03 04:43:54";"google_pay";"pending";2615.0
87;87;"2024-01-13 09:11:57";"card";"completed";3806.28
88;88;"2024-04-20 18:55:39";"card";"completed";856.05
89;89;"2024-10-31 18:24:17";"card";"pending";3642.38
90;90;"2024-04-05 17:49:21";"card";"completed";2933.64
91;91;"2023-01-18 10:04:24";"paypal";"pending";552.36
92;92;"2023-05-10 00:55:23";"blik";"failed";2815.67
93;93;"2024-11-18 02:29:28";"google_pay";"completed";303.61
94;94;"2024-01-07 10:54:29";"blik";"completed";2973.06
95;95;"2024-03-31 12:30:36";"card";"failed";1719.14
96;96;"2023-04-26 00:25:36";"paypal";"completed";2382.5
97;97;"2024-04-18 22:59:45";"apple_pay";"failed";4816.09
98;98;"2024-03-29 23:28:52";"blik";"refunded";3446.3
99;99;"2023-02-09 00:04:09";"apple_pay";"failed";2956.78
100;100;"2024-07-04 12:21:42";"google_pay";"completed";603.3
101;101;"2024-11-29 09:14:21";"paypal";"refunded";496.22
102;102;"2024-12-02 12:57:23";"apple_pay";"pending";2222.4
103;103;"2023-12-08 03:38:13";"google_pay";"pending";4913.13
104;104;"2023-06-29 21:34:43";"google_pay";"refunded";4043.62
105;105;"2024-09-09 15:24:40";"google_pay";"refunded";1378.39
106;106;"2024-10-11 21:07:56";"paypal";"failed";3490.33
107;107;"2024-05-19 22:15:11";"card";"refunded";354.15
108;108;"2023-01-21 18:43:57";"paypal";"completed";1923.34
109;109;"2023-01-22 21:46:36";"paypal";"failed";4289.08
110;110;"2023-12-27 21:16:09";"card";"failed";4057.86
111;111;"2023-02-08 20:06:24";"card";"failed";2354.37
112;112;"2024-08-13 19:19:50";"card";"failed";1617.6
113;113;"2024-03-10 06:02:06";"blik";"completed";3846.57
114;114;"2023-03-05 01:07:39";"card";"completed";949.4
115;115;"2024-05-11 08:17:31";"card";"pending";471.26
116;116;"2023-11-19 06:10:19";"apple_pay";"failed";1948.37
117;117;"2023-03-24 11:34:33";"paypal";"refunded";4504.98
118;118;"2024-02-03 23:55:39";"paypal";"failed";879.45
119;119;"2024-09-18 22:38:11";"google_pay";"completed";920.1
120;120;"2024-11-26 23:49:42";"paypal";"pending";899.83
121;121;"2024-04-04 00:53:08";"paypal";"failed";4333.17
122;122;"2023-02-04 03:29:55";"card";"pending";3576.3
123;123;"2024-12-07 17:52:15";"apple_pay";"failed";1561.91
124;124;"2023-10-03 22:26:09";"paypal";"completed";2224.99
125;125;"2024-05-15 21:42:22";"paypal";"failed";3472.48
126;126;"2023-01-31 07:33:20";"paypal";"completed";2831.45
127;127;"2023-10-20 09:38:49";"card";"pending";1084.8
128;128;"2024-10-01 19:03:43";"blik";"failed";4319.37
129;129;"2023-01-26 00:47:22";"apple_pay";"completed";1343.58
130;130;"2024-12-21 20:18:16";"paypal";"pending";1646.9
131;131;"2024-05-18 16:40:58";"blik";"failed";1572.47
132;132;"2023-06-29 12:01:51";"google_pay";"refunded";4563.25
133;133;"2024-08-25 08:22:10";"paypal";"failed";561.84
134;134;"2023-04-18 09:12:50";"paypal";"completed";3026.1
135;135;"2024-06-08 23:06:34";"card";"refunded";1626.94
136;136;"2024-09-10 10:22:09";"blik";"failed";120.93
137;137;"2023-08-13 08:03:08";"blik";"pending";1492.16
138;138;"2023-04-17 15:59:10";"blik";"completed";1002.2
139;139;"2023-01-24 07:34:38";"blik";"failed";668.45
140;140;"2024-04-02 04:06:28";"google_pay";"failed";2870.52
141;141;"2023-11-08 13:10:07";"google_pay";"pending";924.79
142;142;"2023-09-27 07:01:17";"apple_pay";"refunded";4538.58
143;143;"2024-07-14 08:00:46";"card";"completed";1695.13
144;144;"2023-05-14 22:50:05";"paypal";"refunded";1954.31
145;145;"2024-03-04 23:49:09";"google_pay";"refunded";374.38
146;146;"2023-06-14 18:50:26";"card";"completed";1887.49
147;147;"2023-06-20 10:06:41";"paypal";"pending";1173.52
148;148;"2024-11-26 17:17:55";"card";"completed";3344.09
149;149;"2024-09-05 09:00:42";"blik";"refunded";3605.46
150;150;"2024-06-12 19:29:15";"blik";"failed";4485.2
151;151;"2024-03-11 05:01:24";"paypal";"pending";369.43
152;152;"2024-01-26 07:27:47";"card";"pending";2013.78
153;153;"2024-05-25 12:56:05";"google_pay";"failed";1612.56
154;154;"2024-06-30 05:54:03";"card";"failed";4597.32
155;155;"2023-02-27 12:02:46";"google_pay";"completed";364.65
156;156;"2024-08-16 11:45:54";"blik";"refunded";794.76
157;157;"2024-07-14 14:32:11";"card";"pending";463.39
158;158;"2023-11-09 00:46:21";"google_pay";"completed";1050.36
159;159;"2024-01-24 23:51:31";"card";"refunded";2948.35
160;160;"2024-11-13 13:33:52";"google_pay";"refunded";476.7
161;161;"2024-04-07 09:43:43";"paypal";"completed";4544.3
162;162;"2023-03-06 03:29:24";"paypal";"pending";2008.69
163;163;"2024-03-08 12:35:04";"google_pay";"completed";926.68
164;164;"2024-10-22 01:55:24";"apple_pay";"completed";4433.51
165;165;"2023-06-30 05:13:17";"card";"refunded";970.67
166;166;"2024-07-05 01:33:22";"paypal";"refunded";3979.4
167;167;"2023-06-08 21:33:14";"blik";"failed";3945.7
168;168;"2024-03-23 00:41:38";"apple_pay";"failed";668.84
169;169;"2024-03-19 07:13:36";"blik";"refunded";4760.41
170;170;"2023-11-03 02:03:01";"card";"completed";999.71
171;171;"2023-01-28 21:27:19";"paypal";"pending";487.24
172;172;"2024-12-16 08:47:35";"blik";"pending";1409.92
173;173;"2024-10-09 16:48:41";"blik";"completed";850.36
174;174;"2023-11-18 22:14:06";"google_pay";"completed";3140.89
175;175;"2024-01-16 07:17:36";"apple_pay";"failed";4904.13
176;176;"2024-02-21 11:25:15";"paypal";"refunded";2461.6
177;177;"2023-04-03 17:07:01";"apple_pay";"completed";4440.73
178;178;"2024-02-16 15:37:10";"blik";"failed";2044.13
179;179;"2023-05-27 22:57:03";"paypal";"pending";3248.38
180;180;"2023-02-26 09:22:13";"paypal";"failed";1712.83
181;181;"2024-12-14 10:14:55";"apple_pay";"pending";1786.24
182;182;"2023-07-13 18:02:20";"blik";"refunded";2108.65
183;183;"2023-01-10 03:04:23";"paypal";"pending";3167.97
184;184;"2024-06-24 09:31:52";"apple_pay";"failed";2306.86
185;185;"2024-12-05 00:10:20";"blik";"completed";4506.86
186;186;"2024-04-13 16:48:39";"google_pay";"refunded";4928.78
187;187;"2024-07-21 14:20:27";"google_pay";"refunded";4588.13
188;188;"2024-06-06 03:23:12";"paypal";"refunded";3457.47
189;189;"2023-01-09 11:32:27";"card";"failed";1609.75
190;190;"2023-06-19 01:40:07";"card";"completed";172.4
191;191;"2024-02-23 18:45:22";"paypal";"completed";1296.48
192;192;"2024-01-14 05:11:39";"google_pay";"completed";3296.76
193;193;"2024-11-22 09:14:29";"blik";"pending";501.98
194;194;"2024-03-14 18:44:53";"apple_pay";"completed";623.71
195;195;"2024-12-27 07:46:10";"apple_pay";"failed";365.15
196;196;"2024-08-18 15:39:03";"blik";"refunded";4959.43
197;197;"2024-11-08 07:54:06";"paypal";"refunded";560.69
198;198;"2023-09-24 17:09:23";"apple_pay";"pending";4211.67
199;199;"2024-05-09 12:59:40";"google_pay";"completed";4690.31
200;200;"2024-09-11 14:08:09";"paypal";"pending";730.53
201;201;"2024-04-12 00:03:36";"blik";"pending";1820.59
202;202;"2023-02-19 12:42:11";"card";"pending";810.63
203;203;"2024-01-31 16:29:53";"apple_pay";"completed";2636.3
204;204;"2023-08-13 13:19:13";"paypal";"failed";4909.93
205;205;"2023-06-25 19:57:49";"card";"failed";3491.31
206;206;"2024-04-25 03:25:17";"google_pay";"refunded";2766.0
207;207;"2023-06-01 09:02:51";"blik";"refunded";3906.49
208;208;"2023-03-26 13:11:37";"blik";"refunded";1153.88
209;209;"2023-07-08 05:32:53";"google_pay";"pending";1514.95
210;210;"2024-10-27 23:07:29";"apple_pay";"failed";416.87
211;211;"2024-02-28 05:36:08";"paypal";"completed";198.0
212;212;"2023-03-07 14:19:35";"blik";"pending";4044.8
213;213;"2023-02-16 18:00:26";"blik";"failed";3450.09
214;214;"2023-01-27 09:25:34";"blik";"completed";1994.28
215;215;"2024-03-04 13:09:31";"google_pay";"failed";4474.49
216;216;"2023-04-20 02:38:09";"blik";"failed";468.09
217;217;"2024-02-15 23:30:34";"google_pay";"completed";1757.02
218;218;"2023-03-20 10:57:05";"paypal";"pending";4804.82
219;219;"2024-04-02 00:47:39";"card";"failed";2069.12
220;220;"2024-04-11 16:49:31";"google_pay";"pending";4200.25
221;221;"2024-07-16 02:35:20";"paypal";"pending";4810.73
222;222;"2023-04-21 21:47:38";"card";"completed";3231.74
223;223;"2023-06-29 15:35:30";"card";"refunded";1572.11
224;224;"2023-08-20 06:39:31";"apple_pay";"failed";2610.75
225;225;"2023-08-23 19:16:57";"paypal";"failed";1819.77
226;226;"2023-02-05 16:51:30";"apple_pay";"completed";626.76
227;227;"2024-07-04 20:27:46";"blik";"completed";1457.85
228;228;"2024-11-04 04:11:56";"card";"refunded";1239.23
229;229;"2024-07-14 08:18:24";"apple_pay";"completed";2040.42
230;230;"2023-01-14 02:06:25";"paypal";"refunded";592.13
231;231;"2023-01-12 08:12:47";"blik";"failed";2286.82
232;232;"2024-02-01 03:35:50";"paypal";"failed";3106.36
233;233;"2024-04-13 17:11:58";"google_pay";"pending";3663.88
234;234;"2024-11-14 03:15:04";"apple_pay";"completed";1117.91
235;235;"2023-07-04 13:52:00";"card";"pending";1971.85
236;236;"2024-01-27 06:06:22";"card";"failed";4371.36
237;237;"2023-10-01 21:43:29";"google_pay";"refunded";4179.4
238;238;"2024-04-28 18:03:40";"apple_pay";"completed";367.38
239;239;"2024-09-06 01:40:19";"apple_pay";"failed";2621.05
240;240;"2024-08-27 02:09:01";"google_pay";"refunded";4069.96
241;241;"2023-01-30 00:35:45";"card";"failed";4055.2
242;242;"2024-01-06 01:26:11";"card";"refunded";366.14
243;243;"2024-09-11 03:50:55";"card";"failed";4312.02
244;244;"2024-07-28 08:54:50";"card";"failed";909.88
245;245;"2023-11-15 06:00:16";"blik";"completed";3921.83
246;246;"2024-04-18 07:47:45";"google_pay";"refunded";3820.63
247;247;"2023-07-21 07:42:12";"apple_pay";"refunded";4856.7
248;248;"2023-10-13 01:49:26";"card";"pending";346.83
249;249;"2024-12-24 15:55:56";"blik";"refunded";1031.15
250;250;"2023-11-26 17:24:30";"google_pay";"completed";2886.21
251;251;"2023-05-30 18:49:30";"google_pay";"completed";1579.96
252;252;"2024-07-18 19:28:54";"paypal";"refunded";1257.99
253;253;"2024-05-21 07:33:21";"apple_pay";"completed";2065.72
254;254;"2024-03-05 20:53:42";"blik";"completed";785.46
255;255;"2024-03-07 19:24:36";"google_pay";"failed";2503.53
256;256;"2024-04-07 17:21:41";"apple_pay";"refunded";3334.26
257;257;"2024-11-10 10:51:36";"google_pay";"refunded";4056.65
258;258;"2023-12-12 17:02:06";"paypal";"completed";1400.06
259;259;"2024-07-04 11:57:30";"paypal";"completed";2615.35
260;260;"2023-09-15 15:47:39";"apple_pay";"failed";1048.08
261;261;"2023-09-24 13:48:43";"apple_pay";"refunded";4471.86
262;262;"2024-02-22 14:01:04";"google_pay";"pending";3218.98
263;263;"2024-09-08 08:05:49";"card";"failed";540.84
264;264;"2023-05-15 23:52:23";"paypal";"completed";4347.56
265;265;"2023-05-19 00:22:20";"paypal";"failed";3784.33
266;266;"2023-01-17 05:28:35";"paypal";"pending";2274.43
267;267;"2023-02-22 08:03:02";"paypal";"failed";159.68
268;268;"2023-07-12 07:49:57";"blik";"failed";3377.07
269;269;"2024-03-26 21:17:54";"google_pay";"pending";116.57
270;270;"2023-06-07 20:46:50";"apple_pay";"failed";4548.53
271;271;"2024-03-21 03:26:08";"card";"completed";1076.35
272;272;"2024-08-23 08:19:49";"apple_pay";"completed";211.51
273;273;"2023-10-07 09:10:37";"apple_pay";"refunded";176.88
274;274;"2023-01-09 23:43:14";"apple_pay";"pending";1932.91
275;275;"2023-10-27 13:56:29";"google_pay";"refunded";3158.22
276;276;"2023-11-29 07:23:47";"paypal";"completed";4035.24
277;277;"2023-11-08 02:36:13";"card";"pending";501.67
278;278;"2024-06-30 17:41:00";"google_pay";"completed";3189.59
279;279;"2023-05-01 11:54:19";"apple_pay";"failed";507.84
280;280;"2024-08-22 09:58:06";"google_pay";"pending";27.86
281;281;"2024-11-08 21:09:48";"apple_pay";"pending";243.79
282;282;"2024-03-14 09:43:00";"google_pay";"refunded";2570.05
283;283;"2024-09-14 01:43:48";"google_pay";"failed";2857.1
284;284;"2023-07-17 15:23:26";"card";"completed";411.07
285;285;"2023-03-31 17:54:03";"paypal";"failed";1956.68
286;286;"2024-11-30 14:32:51";"google_pay";"refunded";1148.7
287;287;"2023-08-29 18:12:14";"paypal";"pending";747.6
288;288;"2023-10-21 02:51:20";"blik";"pending";2063.69
289;289;"2023-02-06 23:30:03";"google_pay";"completed";4069.88
290;290;"2024-12-07 20:35:54";"google_pay";"completed";1974.69
291;291;"2023-12-07 14:06:52";"google_pay";"refunded";3249.99
292;292;"2023-09-22 16:41:49";"blik";"failed";3663.65
293;293;"2023-06-29 11:00:09";"card";"failed";4168.85
294;294;"2024-09-25 20:55:41";"card";"failed";4639.15
295;295;"2023-10-19 00:34:50";"card";"failed";2362.19
296;296;"2023-12-03 08:24:43";"apple_pay";"refunded";2339.49
297;297;"2023-04-14 16:37:51";"card";"refunded";1302.12
298;298;"2023-12-18 18:44:54";"blik";"pending";300.46
299;299;"2024-12-18 15:41:38";"blik";"pending";232.81
300;300;"2023-12-16 14:45:44";"paypal";"failed";1353.98
301;301;"2023-12-21 11:50:18";"paypal";"pending";3458.86
302;302;"2024-08-18 08:18:21";"card";"refunded";1000.15
303;303;"2023-02-18 16:32:09";"blik";"pending";4205.43
304;304;"2024-12-02 10:38:07";"paypal";"completed";256.65
305;305;"2023-08-10 03:15:41";"blik";"pending";2482.63
306;306;"2024-04-29 20:50:03";"blik";"completed";2595.53
307;307;"2023-02-11 12:45:40";"paypal";"failed";1523.84
308;308;"2024-09-20 23:45:57";"apple_pay";"refunded";4935.83
309;309;"2024-01-04 19:47:32";"blik";"pending";2672.46
310;310;"2023-06-02 15:29:37";"blik";"completed";4970.1
311;311;"2023-09-28 10:29:21";"paypal";"failed";4158.9
312;312;"2024-02-03 02:04:32";"blik";"refunded";3746.82
313;313;"2024-09-14 15:28:07";"blik";"completed";1437.33
314;314;"2024-12-23 06:14:55";"blik";"completed";4293.17
315;315;"2024-06-06 03:05:53";"card";"refunded";2362.02
316;316;"2024-05-13 13:10:26";"paypal";"pending";3654.87
317;317;"2023-12-20 00:09:12";"paypal";"completed";2413.45
318;318;"2024-06-23 16:38:24";"card";"pending";509.4
319;319;"2023-10-08 05:23:10";"card";"pending";4593.19
320;320;"2023-01-23 11:11:47";"blik";"completed";1555.49
321;321;"2024-02-17 14:36:45";"paypal";"pending";3866.47
322;322;"2024-09-12 16:53:07";"paypal";"pending";1272.69
323;323;"2023-08-22 10:08:16";"card";"refunded";4999.64
324;324;"2023-05-22 18:10:48";"apple_pay";"failed";1325.86
325;325;"2024-09-20 21:49:54";"card";"failed";2071.55
326;326;"2023-08-15 11:20:14";"card";"refunded";1484.18
327;327;"2024-10-10 01:42:55";"blik";"completed";4199.31
328;328;"2023-02-05 05:09:01";"card";"pending";3203.63
329;329;"2023-12-10 19:54:27";"google_pay";"failed";2734.09
330;330;"2023-11-12 13:25:18";"google_pay";"completed";523.07
331;331;"2023-04-23 05:30:38";"blik";"failed";262.0
332;332;"2024-11-16 04:35:35";"google_pay";"refunded";1782.21
333;333;"2023-06-25 13:04:25";"apple_pay";"pending";4566.83
334;334;"2024-06-27 02:38:11";"paypal";"completed";1523.82
335;335;"2023-11-28 11:28:46";"google_pay";"completed";1472.59
336;336;"2024-10-18 11:34:58";"apple_pay";"refunded";3587.4
337;337;"2023-02-19 13:03:05";"card";"refunded";612.04
338;338;"2024-09-11 20:52:43";"blik";"completed";1289.15
339;339;"2024-01-29 07:59:53";"blik";"completed";2553.56
340;340;"2023-05-18 17:12:08";"blik";"pending";2302.8
341;341;"2023-03-14 12:36:14";"google_pay";"pending";846.44
342;342;"2023-11-04 19:32:00";"blik";"pending";1940.93
343;343;"2023-01-17 04:25:19";"paypal";"completed";1611.25
344;344;"2024-02-13 01:30:19";"card";"refunded";2875.77
345;345;"2023-07-21 20:33:43";"google_pay";"completed";4588.16
346;346;"2023-12-08 09:43:17";"card";"refunded";2690.98
347;347;"2024-10-07 04:38:10";"card";"pending";4030.22
348;348;"2023-03-20 11:19:07";"blik";"pending";1030.41
349;349;"2023-01-04 15:42:42";"paypal";"failed";3458.62
350;350;"2024-06-19 13:24:09";"apple_pay";"completed";4642.9
351;351;"2024-05-25 03:49:25";"paypal";"refunded";4767.48
352;352;"2024-04-13 07:45:31";"paypal";"completed";1598.93
353;353;"2023-09-12 23:45:46";"paypal";"failed";1092.34
354;354;"2023-06-01 01:23:59";"google_pay";"pending";474.55
355;355;"2023-08-19 20:29:16";"blik";"pending";439.0
356;356;"2024-10-31 09:38:15";"blik";"failed";3387.1
357;357;"2023-12-03 05:50:49";"apple_pay";"refunded";3530.8
358;358;"2024-11-10 09:56:26";"paypal";"completed";4278.14
359;359;"2023-07-19 07:35:32";"card";"completed";3838.86
360;360;"2023-03-25 08:09:06";"card";"pending";4404.87
361;361;"2024-11-01 20:08:37";"paypal";"failed";3086.19
362;362;"2024-07-08 22:37:54";"blik";"completed";1415.15
363;363;"2023-09-05 13:05:16";"card";"pending";129.58
364;364;"2023-08-15 07:17:43";"google_pay";"refunded";2885.06
365;365;"2024-11-14 02:14:37";"card";"failed";326.57
366;366;"2023-02-26 05:53:18";"paypal";"refunded";1352.69
367;367;"2024-08-13 14:58:12";"google_pay";"completed";3173.64
368;368;"2023-05-06 02:00:47";"google_pay";"refunded";1733.08
369;369;"2024-03-08 02:08:00";"apple_pay";"completed";3238.63
370;370;"2023-04-18 22:10:56";"card";"failed";3389.39
371;371;"2023-03-13 12:32:22";"card";"completed";2522.5
372;372;"2024-10-19 06:55:12";"card";"pending";2625.97
373;373;"2023-02-23 09:52:34";"google_pay";"completed";273.66
374;374;"2023-12-06 09:29:46";"google_pay";"pending";4932.87
375;375;"2024-11-14 06:58:10";"blik";"completed";4711.01
376;376;"2023-03-21 07:21:56";"google_pay";"refunded";3276.91
377;377;"2024-03-10 08:32:05";"apple_pay";"failed";4809.66
378;378;"2024-11-11 20:42:11";"blik";"refunded";4439.57
379;379;"2023-05-10 20:47:18";"paypal";"completed";1342.32
380;380;"2024-04-19 12:43:20";"apple_pay";"refunded";4790.96
381;381;"2024-08-26 12:05:03";"card";"refunded";318.42
382;382;"2023-01-28 20:30:23";"google_pay";"refunded";1409.68
383;383;"2023-02-05 12:56:16";"blik";"refunded";2504.34
384;384;"2024-04-17 07:51:49";"apple_pay";"pending";1606.03
385;385;"2024-02-21 02:31:21";"paypal";"completed";4423.29
386;386;"2024-08-03 15:46:35";"blik";"completed";2912.46
387;387;"2024-07-14 17:45:15";"blik";"completed";2870.75
388;388;"2024-08-08 18:44:11";"card";"refunded";4580.31
389;389;"2023-11-04 15:23:30";"card";"pending";2435.95
390;390;"2023-12-28 19:09:59";"card";"completed";1215.68
391;391;"2023-02-12 10:17:48";"google_pay";"pending";3960.27
392;392;"2023-05-03 23:55:20";"paypal";"completed";2726.92
393;393;"2023-01-26 13:10:00";"google_pay";"failed";2014.69
394;394;"2023-11-21 08:44:59";"blik";"pending";3821.69
395;395;"2024-03-08 13:10:52";"apple_pay";"refunded";3525.46
396;396;"2023-10-10 15:24:52";"paypal";"completed";3528.89
397;397;"2023-07-02 02:39:42";"paypal";"completed";1981.89
398;398;"2023-02-19 03:34:27";"google_pay";"refunded";1337.81
399;399;"2023-12-26 05:06:58";"paypal";"pending";4882.43
400;400;"2023-07-24 05:28:10";"paypal";"pending";4169.71
401;401;"2024-06-02 09:58:28";"card";"completed";4441.67
402;402;"2024-08-14 05:46:19";"card";"refunded";823.27
403;403;"2024-08-29 13:45:38";"google_pay";"completed";1373.49
404;404;"2023-04-07 06:30:22";"google_pay";"failed";312.23
405;405;"2023-03-16 20:41:28";"google_pay";"pending";4686.57
406;406;"2024-01-05 15:27:33";"card";"pending";1189.37
407;407;"2023-09-12 10:38:01";"card";"completed";4338.16
408;408;"2024-05-24 07:48:00";"apple_pay";"pending";4098.9
409;409;"2023-10-08 19:54:11";"google_pay";"pending";2272.76
410;410;"2024-07-24 06:23:46";"blik";"failed";4489.37
411;411;"2024-09-18 03:39:10";"blik";"completed";4914.09
412;412;"2024-02-20 13:09:27";"google_pay";"completed";4009.49
413;413;"2024-05-26 16:55:03";"google_pay";"failed";1764.35
414;414;"2024-11-05 06:55:49";"blik";"completed";1315.71
415;415;"2023-03-07 04:39:29";"blik";"failed";675.34
416;416;"2023-02-19 08:29:32";"paypal";"completed";3571.01
417;417;"2024-06-30 07:44:38";"blik";"pending";4536.64
418;418;"2024-06-17 02:46:19";"apple_pay";"failed";1185.86
419;419;"2024-08-17 01:24:24";"blik";"refunded";1411.84
420;420;"2024-01-08 11:49:15";"card";"completed";1394.32
421;421;"2023-01-10 19:10:44";"paypal";"pending";4398.2
422;422;"2023-12-28 16:23:05";"blik";"pending";533.44
423;423;"2023-11-22 20:53:51";"blik";"pending";2173.81
424;424;"2023-08-18 03:57:57";"blik";"failed";4543.94
425;425;"2023-03-30 18:04:08";"paypal";"failed";2755.15
426;426;"2023-12-05 17:20:32";"google_pay";"completed";1410.1
427;427;"2023-08-09 05:15:44";"blik";"completed";3864.43
428;428;"2023-09-05 03:55:19";"paypal";"pending";3612.54
429;429;"2024-08-01 07:27:23";"paypal";"refunded";4928.13
430;430;"2023-03-01 18:22:05";"card";"pending";1893.03
431;431;"2023-09-11 17:08:20";"google_pay";"refunded";4874.83
432;432;"2023-04-03 23:58:56";"blik";"completed";687.77
433;433;"2023-10-24 18:30:42";"blik";"refunded";1906.09
434;434;"2023-07-29 22:42:32";"blik";"completed";4393.85
435;435;"2023-07-28 23:35:13";"blik";"failed";3664.86
436;436;"2024-03-17 06:49:23";"blik";"refunded";691.49
437;437;"2023-04-26 08:56:24";"card";"pending";1842.44
438;438;"2024-01-31 10:32:34";"apple_pay";"completed";229.86
439;439;"2023-10-22 14:58:01";"google_pay";"failed";3630.75
440;440;"2024-11-26 07:57:29";"paypal";"pending";340.95
441;441;"2023-01-26 06:10:11";"apple_pay";"failed";2378.87
442;442;"2023-01-14 02:26:03";"apple_pay";"pending";3741.57
443;443;"2024-03-14 19:49:55";"google_pay";"failed";4965.84
444;444;"2024-01-14 21:23:02";"paypal";"completed";3721.23
445;445;"2024-11-03 18:39:29";"card";"completed";1232.04
446;446;"2024-03-20 05:42:49";"blik";"pending";867.04
447;447;"2024-02-08 13:12:27";"apple_pay";"failed";3054.86
448;448;"2024-08-19 20:20:02";"card";"refunded";3531.11
449;449;"2023-02-24 09:48:49";"apple_pay";"pending";2956.08
450;450;"2023-08-06 19:42:17";"blik";"failed";851.29
451;451;"2024-08-04 20:54:38";"card";"failed";660.01
452;452;"2024-03-16 12:01:16";"card";"completed";4948.25
453;453;"2024-05-19 05:01:51";"google_pay";"pending";2445.53
454;454;"2024-11-10 02:18:12";"google_pay";"completed";1085.05
455;455;"2024-07-30 15:26:26";"google_pay";"failed";675.14
456;456;"2024-07-14 12:50:47";"blik";"refunded";2077.45
457;457;"2024-09-15 10:04:31";"paypal";"pending";1692.47
458;458;"2024-08-22 06:57:02";"card";"failed";2013.94
459;459;"2024-07-04 14:13:33";"paypal";"pending";2623.8
460;460;"2023-06-13 15:27:04";"blik";"refunded";1779.58
461;461;"2023-09-03 22:39:48";"card";"pending";3627.86
462;462;"2024-10-02 09:25:25";"apple_pay";"failed";82.67
463;463;"2023-05-04 19:41:03";"apple_pay";"refunded";3999.12
464;464;"2024-07-07 02:16:03";"card";"pending";2468.57
465;465;"2023-09-05 21:52:35";"google_pay";"failed";96.73
466;466;"2024-09-06 20:58:36";"apple_pay";"failed";4533.7
467;467;"2023-12-11 07:04:41";"google_pay";"completed";2810.21
468;468;"2024-02-05 04:29:16";"blik";"pending";3532.83
469;469;"2023-10-24 19:55:40";"apple_pay";"completed";2928.23
470;470;"2024-04-13 19:59:17";"google_pay";"refunded";1350.62
471;471;"2024-03-07 09:55:02";"paypal";"refunded";3196.57
472;472;"2023-04-19 08:32:07";"card";"pending";1959.66
473;473;"2024-06-10 11:40:02";"paypal";"pending";1450.11
474;474;"2024-07-22 22:59:40";"card";"failed";3865.69
475;475;"2024-01-17 23:09:42";"google_pay";"pending";1335.82
476;476;"2024-12-18 22:47:51";"apple_pay";"completed";4015.92
477;477;"2023-08-19 05:00:02";"card";"pending";2928.89
478;478;"2024-10-23 16:28:53";"google_pay";"refunded";271.97
479;479;"2023-12-02 02:46:33";"apple_pay";"completed";225.29
480;480;"2023-09-20 05:19:14";"apple_pay";"completed";3339.32
481;481;"2023-07-26 05:34:43";"apple_pay";"completed";764.92
482;482;"2024-09-17 19:59:37";"apple_pay";"refunded";476.39
483;483;"2024-03-12 23:27:42";"paypal";"failed";2257.22
484;484;"2023-02-18 23:02:11";"blik";"pending";3692.66
485;485;"2024-03-09 19:12:36";"card";"completed";2378.99
486;486;"2023-10-26 13:37:59";"card";"failed";162.35
487;487;"2024-11-16 01:06:45";"blik";"failed";2353.35
488;488;"2023-06-03 14:03:25";"paypal";"failed";4154.46
489;489;"2023-04-26 23:35:10";"google_pay";"completed";1658.48
490;490;"2024-10-21 19:13:17";"card";"failed";3445.49
491;491;"2023-11-29 01:08:34";"card";"refunded";62.93
492;492;"2024-01-28 23:37:16";"blik";"pending";74.49
493;493;"2023-06-20 22:39:15";"card";"pending";670.49
494;494;"2023-08-08 17:31:40";"blik";"pending";1395.66
495;495;"2023-09-08 05:17:35";"google_pay";"pending";377.78
496;496;"2024-07-30 04:14:35";"card";"refunded";1365.58
497;497;"2023-07-04 06:38:59";"card";"completed";833.23
498;498;"2023-05-28 01:21:32";"card";"completed";2538.22
499;499;"2023-09-28 21:54:44";"google_pay";"pending";4751.5
500;500;"2024-02-11 02:54:35";"apple_pay";"refunded";945.93
501;501;"2024-05-18 04:27:55";"google_pay";"completed";1038.97
502;502;"2023-02-15 09:52:15";"blik";"failed";3007.81
503;503;"2024-08-27 19:54:34";"blik";"pending";925.36
504;504;"2024-11-30 12:24:17";"apple_pay";"pending";1985.93
505;505;"2024-01-01 05:33:32";"apple_pay";"completed";1225.78
506;506;"2023-08-29 19:05:14";"blik";"completed";1110.56
507;507;"2024-02-11 11:15:23";"blik";"refunded";258.56
508;508;"2023-08-20 08:24:20";"apple_pay";"pending";1026.47
509;509;"2023-01-18 10:32:54";"google_pay";"failed";1067.79
510;510;"2024-03-13 09:01:55";"google_pay";"completed";2008.58
511;511;"2023-07-10 21:41:08";"blik";"pending";2986.91
512;512;"2023-01-08 02:12:22";"card";"refunded";3239.73
513;513;"2024-10-23 12:12:39";"blik";"refunded";4226.99
514;514;"2023-02-09 00:10:09";"paypal";"pending";1164.62
515;515;"2023-10-01 00:59:46";"card";"failed";4553.17
516;516;"2024-10-23 03:37:21";"blik";"failed";4379.51
517;517;"2023-09-29 07:33:49";"google_pay";"completed";4743.83
518;518;"2024-12-07 06:05:55";"card";"pending";3329.44
519;519;"2023-08-13 10:49:37";"card";"refunded";3115.3
520;520;"2024-10-13 08:13:04";"card";"refunded";494.22
521;521;"2023-04-20 05:01:55";"blik";"pending";1015.3
522;522;"2023-09-13 13:14:17";"card";"completed";3390.99
523;523;"2023-05-15 12:34:02";"blik";"failed";2785.91
524;524;"2024-05-29 15:48:17";"card";"failed";1473.56
525;525;"2024-01-30 20:17:29";"paypal";"refunded";4525.29
526;526;"2023-12-12 12:08:33";"google_pay";"completed";1943.43
527;527;"2023-11-17 04:57:18";"paypal";"refunded";3520.09
528;528;"2024-08-01 04:43:23";"blik";"refunded";4173.52
529;529;"2023-03-28 09:08:49";"paypal";"refunded";2659.52
530;530;"2024-11-22 03:42:11";"paypal";"refunded";3859.36
531;531;"2024-11-29 02:01:21";"paypal";"failed";407.78
532;532;"2023-03-07 22:26:47";"paypal";"refunded";1972.55
533;533;"2024-12-05 18:38:29";"google_pay";"completed";691.22
534;534;"2024-01-23 04:35:28";"card";"completed";2244.48
535;535;"2024-06-23 08:15:39";"blik";"completed";3024.61
536;536;"2023-06-15 17:12:03";"paypal";"refunded";1036.92
537;537;"2024-07-03 20:46:41";"card";"refunded";2789.19
538;538;"2024-12-08 14:27:31";"card";"pending";2612.34
539;539;"2024-11-15 18:03:36";"paypal";"pending";39.22
540;540;"2024-04-21 22:56:46";"blik";"refunded";667.22
541;541;"2023-05-31 06:04:27";"paypal";"pending";4782.93
542;542;"2024-05-12 03:07:33";"card";"refunded";4668.39
543;543;"2023-02-03 01:36:38";"google_pay";"pending";2231.6
544;544;"2023-12-24 18:22:41";"google_pay";"completed";2606.7
545;545;"2023-02-24 16:52:37";"blik";"completed";3867.38
546;546;"2024-09-15 10:58:42";"paypal";"refunded";2742.6
547;547;"2023-07-05 23:23:29";"google_pay";"failed";4275.0
548;548;"2024-11-17 05:24:04";"apple_pay";"failed";2864.54
549;549;"2023-06-23 21:07:56";"card";"completed";4948.39
550;550;"2023-05-11 20:49:00";"apple_pay";"pending";2736.66
551;551;"2024-03-23 02:26:50";"blik";"pending";360.17
552;552;"2024-02-28 05:58:40";"blik";"completed";2353.29
553;553;"2024-03-04 17:32:16";"apple_pay";"pending";3495.53
554;554;"2023-10-29 05:14:03";"card";"pending";3987.92
555;555;"2024-04-13 18:32:34";"card";"pending";2434.89
556;556;"2024-12-29 07:30:08";"blik";"failed";3933.1
557;557;"2023-11-19 15:51:34";"card";"completed";4711.7
558;558;"2024-01-05 15:08:59";"google_pay";"pending";691.73
559;559;"2023-02-21 23:53:39";"card";"refunded";2941.21
560;560;"2023-08-29 09:43:47";"paypal";"failed";678.69
561;561;"2024-10-24 23:17:42";"apple_pay";"refunded";4463.24
562;562;"2023-12-24 17:43:34";"card";"pending";544.05
563;563;"2023-06-03 22:04:16";"paypal";"failed";1655.26
564;564;"2023-03-19 06:18:03";"blik";"refunded";769.69
565;565;"2024-12-03 09:26:55";"paypal";"failed";4692.66
566;566;"2024-01-04 04:05:18";"apple_pay";"pending";4101.61
567;567;"2023-06-22 05:45:43";"paypal";"pending";879.9
568;568;"2023-08-03 03:20:14";"blik";"failed";2221.62
569;569;"2023-05-30 06:32:43";"google_pay";"failed";4178.67
570;570;"2023-03-13 08:03:54";"apple_pay";"completed";3912.44
571;571;"2023-12-07 08:30:25";"paypal";"pending";3742.25
572;572;"2023-10-05 12:59:20";"card";"pending";811.14
573;573;"2023-11-03 12:46:25";"paypal";"pending";3085.97
574;574;"2023-09-13 13:18:13";"google_pay";"failed";2051.46
575;575;"2023-10-01 00:33:44";"paypal";"completed";164.87
576;576;"2024-03-02 06:24:28";"blik";"completed";1730.7
577;577;"2024-07-31 09:19:30";"google_pay";"pending";628.3
578;578;"2024-03-21 07:47:55";"blik";"pending";3290.94
579;579;"2024-05-29 16:18:13";"apple_pay";"pending";2091.83
580;580;"2023-03-02 18:04:10";"paypal";"completed";4124.11
581;581;"2023-02-16 18:22:56";"google_pay";"completed";4363.11
582;582;"2024-05-26 05:18:39";"blik";"failed";2523.94
583;583;"2024-05-06 09:57:03";"blik";"completed";2793.6
584;584;"2023-07-19 11:29:05";"blik";"failed";893.43
585;585;"2023-03-13 06:39:08";"google_pay";"refunded";3152.76
586;586;"2023-09-29 05:42:06";"apple_pay";"completed";4512.26
587;587;"2024-09-30 08:48:51";"apple_pay";"failed";4965.11
588;588;"2023-04-02 19:13:26";"card";"completed";2302.08
589;589;"2023-05-22 09:49:40";"card";"refunded";2191.25
590;590;"2023-09-22 21:53:52";"paypal";"failed";1914.32
591;591;"2023-03-01 17:19:19";"blik";"failed";3947.37
592;592;"2023-06-02 01:15:56";"google_pay";"completed";2863.25
593;593;"2023-11-07 03:49:40";"apple_pay";"failed";4594.23
594;594;"2024-07-20 23:33:54";"apple_pay";"pending";2310.9
595;595;"2024-07-17 14:31:03";"apple_pay";"completed";2177.72
596;596;"2023-11-09 15:02:52";"card";"pending";3616.05
597;597;"2023-04-08 22:51:01";"card";"failed";4898.36
598;598;"2023-08-15 01:09:13";"google_pay";"pending";4920.38
599;599;"2024-09-29 20:56:06";"blik";"refunded";3129.1
600;600;"2023-05-31 11:24:59";"blik";"pending";3049.89
601;601;"2023-06-09 18:36:45";"google_pay";"pending";1522.82
602;602;"2024-08-07 00:13:42";"google_pay";"refunded";3574.75
603;603;"2024-07-21 19:10:21";"google_pay";"completed";380.77
604;604;"2023-08-28 10:26:12";"card";"refunded";4182.71
605;605;"2024-10-12 03:12:04";"blik";"refunded";283.77
606;606;"2024-08-26 14:23:33";"apple_pay";"pending";2434.08
607;607;"2024-06-03 18:23:16";"card";"refunded";3658.2
608;608;"2023-03-19 04:43:00";"blik";"pending";1387.61
609;609;"2023-05-05 21:21:41";"paypal";"refunded";2202.84
610;610;"2023-03-04 10:45:26";"paypal";"refunded";1209.92
611;611;"2024-05-22 06:12:27";"card";"failed";398.71
612;612;"2023-06-30 19:57:33";"google_pay";"refunded";2644.65
613;613;"2024-01-17 05:49:15";"google_pay";"failed";410.59
614;614;"2023-10-08 09:39:45";"blik";"failed";2079.79
615;615;"2024-01-31 14:15:59";"blik";"completed";766.97
616;616;"2023-04-13 13:29:11";"apple_pay";"pending";618.86
617;617;"2023-01-11 15:12:20";"card";"completed";3984.46
618;618;"2024-11-19 21:05:21";"apple_pay";"refunded";3942.65
619;619;"2024-02-10 00:33:09";"blik";"failed";3663.57
620;620;"2023-11-27 18:33:28";"blik";"completed";3528.6
621;621;"2024-04-23 09:20:21";"google_pay";"completed";1992.65
622;622;"2024-12-21 00:01:04";"card";"completed";2849.12
623;623;"2024-02-23 12:19:55";"google_pay";"failed";3424.75
624;624;"2024-02-01 13:49:40";"card";"completed";401.13
625;625;"2023-08-06 06:32:29";"google_pay";"refunded";4884.34
626;626;"2024-09-22 07:12:16";"card";"failed";1177.91
627;627;"2023-07-20 10:51:31";"paypal";"failed";4982.56
628;628;"2023-03-09 07:49:29";"apple_pay";"pending";735.69
629;629;"2023-04-17 01:26:23";"paypal";"completed";2208.84
630;630;"2023-11-09 04:01:21";"apple_pay";"failed";2289.13
631;631;"2024-02-01 07:03:11";"blik";"refunded";4121.04
632;632;"2024-12-06 02:38:39";"paypal";"failed";4720.72
633;633;"2024-02-23 13:39:26";"blik";"refunded";623.91
634;634;"2023-01-24 20:30:16";"blik";"pending";956.21
635;635;"2023-07-05 10:02:09";"apple_pay";"refunded";2150.06
636;636;"2023-10-05 12:21:37";"blik";"completed";2819.75
637;637;"2023-01-10 19:20:16";"google_pay";"refunded";742.78
638;639;"2023-11-02 05:12:58";"apple_pay";"completed";2107.87
639;640;"2024-01-27 20:42:20";"card";"pending";2482.52
640;641;"2023-10-09 01:44:58";"google_pay";"failed";1290.03
641;642;"2023-08-11 10:43:44";"paypal";"completed";2001.88
642;643;"2023-05-21 02:34:34";"apple_pay";"completed";3058.41
643;644;"2023-12-23 08:11:21";"paypal";"failed";210.79
644;645;"2023-03-18 22:26:54";"paypal";"refunded";1459.51
645;646;"2024-05-25 22:28:43";"google_pay";"refunded";2863.43
646;647;"2024-05-11 14:51:02";"google_pay";"completed";2421.39
647;648;"2024-06-19 09:42:08";"google_pay";"pending";2213.45
648;649;"2024-12-14 05:56:00";"paypal";"refunded";1514.49
649;650;"2023-05-29 23:59:52";"paypal";"failed";1932.45
650;651;"2024-05-31 07:33:26";"paypal";"refunded";2058.32
651;652;"2024-04-22 03:16:30";"paypal";"completed";1103.46
652;653;"2024-09-08 23:55:53";"blik";"pending";1862.06
653;654;"2024-03-14 19:36:08";"paypal";"completed";927.91
654;655;"2024-08-22 07:41:44";"google_pay";"pending";969.49
655;656;"2023-07-27 10:25:40";"apple_pay";"completed";2546.1
656;657;"2023-08-05 18:11:01";"apple_pay";"completed";2945.92
657;658;"2024-01-01 09:44:02";"blik";"pending";564.52
658;659;"2024-08-05 16:39:27";"apple_pay";"refunded";4135.8
659;660;"2024-01-29 19:20:48";"blik";"failed";302.77
660;661;"2023-11-14 23:38:24";"paypal";"completed";95.79
661;662;"2023-09-27 06:57:58";"paypal";"refunded";3012.37
662;663;"2024-08-31 01:59:36";"blik";"pending";4689.6
663;664;"2024-08-15 12:06:36";"card";"pending";81.65
664;665;"2023-11-18 16:34:10";"paypal";"failed";4729.74
665;666;"2023-03-19 09:33:05";"paypal";"completed";3117.02
666;667;"2024-05-19 20:23:45";"paypal";"completed";3572.05
667;668;"2024-05-28 18:35:23";"google_pay";"refunded";4906.26
668;669;"2023-05-30 15:48:29";"card";"failed";598.54
669;670;"2024-06-26 15:50:17";"blik";"pending";2973.01
670;671;"2024-02-02 18:56:10";"google_pay";"pending";4944.55
671;672;"2024-06-28 02:23:04";"apple_pay";"completed";1996.62
672;673;"2024-03-21 21:16:43";"apple_pay";"refunded";2238.78
673;674;"2023-12-01 16:46:53";"google_pay";"pending";2375.79
674;675;"2024-02-27 18:41:15";"apple_pay";"failed";4990.32
675;676;"2024-03-17 02:11:17";"card";"pending";554.37
676;677;"2023-12-21 17:09:05";"blik";"failed";2395.27
677;678;"2023-02-27 09:04:42";"card";"pending";1042.99
678;679;"2024-09-14 20:25:45";"apple_pay";"pending";2056.83
679;680;"2023-07-22 18:21:00";"apple_pay";"failed";1437.25
680;681;"2023-08-16 14:48:21";"card";"pending";2148.48
681;682;"2024-07-29 12:54:07";"paypal";"pending";3163.13
682;683;"2023-06-28 22:06:49";"google_pay";"pending";3661.64
683;684;"2024-01-03 09:53:55";"apple_pay";"completed";916.51
684;685;"2024-06-10 14:38:03";"paypal";"refunded";2411.0
685;686;"2023-07-30 16:44:01";"blik";"refunded";2784.02
686;687;"2024-02-18 22:25:18";"apple_pay";"completed";3126.71
687;688;"2024-09-03 01:06:43";"apple_pay";"completed";4519.05
688;689;"2024-06-12 03:32:37";"paypal";"refunded";1683.75
689;690;"2023-03-10 17:54:58";"blik";"pending";684.19
690;691;"2023-01-21 20:54:46";"paypal";"failed";88.72
691;692;"2024-10-05 06:50:44";"paypal";"pending";990.4
692;693;"2023-10-23 05:50:48";"paypal";"pending";3036.17
693;694;"2023-07-26 11:15:33";"blik";"pending";1718.0
694;695;"2024-12-03 02:58:39";"card";"completed";3009.59
695;696;"2024-01-09 19:55:18";"apple_pay";"pending";3397.21
696;697;"2024-06-23 08:56:59";"card";"pending";2316.21
697;698;"2023-06-08 10:18:08";"apple_pay";"refunded";3027.19
698;699;"2023-08-08 07:38:46";"blik";"completed";1383.5
699;700;"2024-05-27 21:34:00";"blik";"failed";4177.46
700;701;"2023-01-28 12:29:13";"card";"pending";4097.38
701;702;"2024-01-25 22:36:23";"blik";"refunded";3910.01
702;703;"2023-05-29 19:39:01";"paypal";"completed";3697.66
703;704;"2024-01-22 19:41:46";"google_pay";"pending";1208.21
704;705;"2024-05-16 15:20:43";"card";"pending";830.38
705;706;"2024-07-05 09:12:44";"card";"completed";4645.91
706;707;"2023-08-07 09:31:57";"paypal";"failed";2437.47
707;708;"2024-08-07 22:33:24";"blik";"pending";2777.93
708;709;"2024-07-31 07:25:01";"apple_pay";"pending";2298.14
709;710;"2023-01-31 21:46:41";"google_pay";"completed";3286.67
710;711;"2024-04-12 01:49:58";"google_pay";"failed";3687.73
711;712;"2023-10-23 09:50:50";"blik";"pending";2016.42
712;713;"2023-10-03 22:34:58";"google_pay";"failed";1507.69
713;714;"2024-11-12 02:18:25";"apple_pay";"refunded";2256.84
714;715;"2023-03-15 03:23:24";"blik";"completed";3257.99
715;716;"2023-02-22 09:42:25";"blik";"completed";1525.24
716;717;"2024-05-02 15:45:12";"apple_pay";"refunded";1012.07
717;718;"2024-02-03 20:20:53";"google_pay";"completed";3054.55
718;719;"2024-01-01 02:30:16";"blik";"pending";1669.3
719;720;"2023-01-04 07:35:33";"blik";"failed";4323.62
720;721;"2023-04-05 16:12:26";"card";"refunded";3307.53
721;722;"2023-09-08 13:14:58";"google_pay";"completed";788.31
722;723;"2023-05-07 08:06:33";"paypal";"completed";4963.05
723;724;"2024-05-21 22:30:07";"google_pay";"pending";186.18
724;725;"2024-01-23 09:38:33";"blik";"pending";2530.58
725;726;"2023-02-21 16:01:09";"apple_pay";"refunded";4334.73
726;727;"2024-02-25 21:27:00";"paypal";"refunded";2759.8
727;728;"2023-09-27 20:36:45";"card";"completed";3123.74
728;729;"2024-05-25 00:33:17";"google_pay";"completed";433.4
729;730;"2023-01-16 22:53:45";"blik";"refunded";4379.13
730;731;"2023-03-09 18:31:32";"paypal";"refunded";67.95
731;732;"2024-12-14 04:11:41";"blik";"pending";2215.82
732;733;"2024-11-22 01:33:22";"paypal";"pending";4526.99
733;734;"2024-07-17 00:05:41";"paypal";"completed";2907.92
734;735;"2023-04-16 09:22:16";"google_pay";"completed";823.96
735;736;"2024-04-27 15:09:40";"google_pay";"completed";4372.63
736;737;"2024-10-03 20:58:30";"card";"failed";4718.35
737;738;"2023-09-28 06:10:04";"paypal";"failed";375.72
738;739;"2024-03-05 00:22:55";"apple_pay";"pending";3919.06
739;740;"2023-10-27 16:25:09";"blik";"refunded";2664.98
740;741;"2023-08-06 04:34:18";"apple_pay";"pending";4960.71
741;742;"2023-11-19 09:32:42";"card";"failed";4944.04
742;743;"2023-04-21 13:26:39";"card";"failed";1385.53
743;744;"2023-04-11 05:43:21";"paypal";"pending";1403.53
744;745;"2023-03-15 18:09:09";"apple_pay";"refunded";2288.62
745;746;"2024-03-13 10:13:08";"card";"failed";3711.44
746;747;"2024-12-16 20:22:47";"google_pay";"refunded";618.17
747;748;"2023-04-13 03:07:16";"apple_pay";"refunded";1886.85
748;749;"2023-04-15 11:41:44";"google_pay";"pending";1164.54
749;750;"2024-02-14 05:48:42";"apple_pay";"completed";4067.53
750;751;"2024-10-09 11:46:31";"card";"refunded";261.0
751;752;"2023-05-19 23:02:39";"apple_pay";"pending";1334.94
752;753;"2023-05-06 00:09:12";"card";"completed";665.02
753;754;"2024-12-25 02:04:10";"paypal";"failed";2478.11
754;755;"2023-09-22 17:11:17";"paypal";"refunded";2958.64
755;756;"2023-06-04 08:16:30";"google_pay";"failed";1027.03
756;757;"2024-07-22 21:33:42";"google_pay";"failed";2134.64
757;758;"2023-09-30 19:41:49";"card";"refunded";3758.61
758;759;"2023-05-18 04:12:16";"paypal";"completed";79.34
759;760;"2023-04-04 19:34:51";"google_pay";"refunded";967.06
760;761;"2023-09-03 04:44:09";"card";"completed";929.53
761;762;"2024-08-12 13:21:54";"google_pay";"failed";2180.62
762;763;"2024-10-15 14:13:16";"card";"failed";2643.87
763;764;"2023-04-22 23:45:04";"google_pay";"pending";2271.2
764;765;"2024-06-10 02:39:05";"card";"completed";4102.83
765;766;"2023-08-27 22:01:31";"apple_pay";"failed";2187.92
766;767;"2024-05-18 11:51:57";"apple_pay";"completed";838.06
767;768;"2024-05-20 18:18:30";"apple_pay";"completed";4226.59
768;769;"2024-07-22 15:27:13";"paypal";"refunded";1597.45
769;770;"2024-02-17 22:46:19";"paypal";"refunded";3654.7
770;771;"2023-03-05 08:48:34";"paypal";"pending";2434.96
771;772;"2023-03-03 20:29:30";"card";"failed";2200.42
772;773;"2024-02-04 21:16:33";"card";"failed";3987.6
773;774;"2024-10-20 21:47:39";"paypal";"pending";1272.21
774;775;"2023-09-09 17:16:58";"paypal";"failed";1802.07
775;776;"2024-03-28 18:06:09";"blik";"failed";3909.51
776;777;"2023-03-18 13:33:49";"google_pay";"refunded";506.8
777;778;"2024-05-15 10:45:13";"blik";"pending";3263.49
778;779;"2024-01-23 04:05:32";"blik";"pending";2592.53
779;780;"2023-03-02 10:36:33";"google_pay";"refunded";1033.25
780;781;"2023-05-10 20:24:10";"blik";"completed";3050.73
781;782;"2023-08-31 14:38:48";"google_pay";"pending";3448.29
782;783;"2023-01-28 07:37:01";"card";"completed";3812.03
783;784;"2023-07-14 12:02:07";"apple_pay";"pending";3711.93
784;785;"2024-06-27 10:41:34";"blik";"failed";1396.42
785;786;"2023-04-07 05:24:29";"apple_pay";"completed";3611.12
786;787;"2023-10-15 15:10:35";"google_pay";"failed";3251.21
787;788;"2024-08-28 11:15:11";"blik";"completed";527.68
788;789;"2023-12-21 07:30:55";"blik";"completed";1962.58
789;790;"2024-08-20 15:11:49";"google_pay";"pending";1232.73
790;791;"2024-10-29 04:51:20";"paypal";"pending";581.87
791;792;"2024-05-04 15:53:12";"apple_pay";"failed";79.46
792;793;"2023-02-16 08:28:03";"card";"completed";1100.33
793;794;"2023-04-03 03:33:50";"paypal";"pending";3052.12
794;795;"2024-11-25 07:23:10";"paypal";"completed";4760.27
795;796;"2024-05-20 19:33:07";"google_pay";"pending";2367.97
796;797;"2023-01-29 00:30:58";"apple_pay";"refunded";3628.46
797;798;"2023-03-20 16:52:14";"blik";"completed";355.85
798;799;"2023-12-16 11:48:46";"apple_pay";"failed";3857.65
799;800;"2023-08-15 04:01:33";"paypal";"failed";3116.79
800;801;"2024-10-15 09:13:10";"card";"refunded";3741.6
801;802;"2023-09-02 09:18:05";"google_pay";"failed";2174.0
802;803;"2024-04-12 13:57:42";"google_pay";"pending";4019.48
803;804;"2024-10-04 10:05:21";"google_pay";"pending";712.72
804;805;"2023-11-14 04:30:02";"google_pay";"refunded";3715.09
805;806;"2023-12-07 02:02:39";"apple_pay";"refunded";30.37
806;807;"2023-04-23 01:18:45";"blik";"refunded";4702.21
807;808;"2024-09-13 20:13:14";"paypal";"pending";2509.97
808;809;"2023-10-16 14:05:09";"google_pay";"refunded";1393.86
809;810;"2023-01-24 19:36:31";"blik";"completed";3261.95
810;811;"2024-02-03 19:14:49";"apple_pay";"refunded";1067.24
811;812;"2023-07-29 11:40:49";"paypal";"completed";1106.85
812;813;"2024-04-14 00:32:20";"blik";"completed";1497.43
813;814;"2023-04-02 08:08:07";"blik";"completed";3755.8
814;815;"2023-12-20 20:39:42";"paypal";"refunded";4268.63
815;816;"2024-08-20 19:21:46";"card";"failed";4957.78
816;817;"2023-01-09 03:18:25";"card";"completed";4085.93
817;818;"2023-07-02 08:51:42";"paypal";"completed";2621.23
818;819;"2023-05-18 21:28:36";"google_pay";"pending";589.39
819;820;"2023-12-31 20:07:30";"google_pay";"pending";1982.26
820;821;"2024-07-20 22:53:18";"card";"pending";3154.73
821;822;"2024-07-20 13:41:47";"card";"completed";4337.55
822;823;"2023-03-30 18:06:14";"card";"failed";3554.83
823;824;"2024-09-05 23:45:08";"apple_pay";"completed";4890.88
824;825;"2023-09-06 04:48:28";"apple_pay";"completed";1966.85
825;826;"2024-02-13 05:55:27";"paypal";"failed";1318.65
826;827;"2024-02-08 23:47:25";"google_pay";"completed";2357.37
827;828;"2024-09-26 15:16:56";"apple_pay";"failed";2784.71
828;829;"2023-06-21 18:49:01";"blik";"completed";4612.87
829;830;"2024-11-09 01:56:39";"card";"refunded";1115.09
830;831;"2024-08-01 07:03:50";"blik";"failed";2043.81
831;832;"2023-08-11 15:49:53";"paypal";"pending";3234.9
832;833;"2024-02-17 09:47:44";"blik";"completed";2681.81
833;834;"2024-06-26 11:37:58";"google_pay";"refunded";1283.02
834;835;"2023-12-15 00:43:09";"card";"failed";183.14
835;836;"2024-04-30 20:43:19";"google_pay";"pending";2520.35
836;837;"2024-04-09 08:36:39";"apple_pay";"completed";1304.93
837;838;"2023-03-28 19:10:38";"google_pay";"completed";2087.48
838;839;"2023-12-11 11:52:19";"blik";"completed";2970.97
839;840;"2024-01-25 22:39:12";"paypal";"refunded";4475.46
840;841;"2023-04-24 10:53:27";"apple_pay";"refunded";3882.87
841;842;"2023-07-03 19:54:08";"card";"failed";497.08
842;843;"2023-05-14 05:16:10";"blik";"refunded";788.92
843;844;"2023-05-29 06:29:12";"google_pay";"failed";4012.71
844;845;"2023-05-11 05:57:44";"google_pay";"completed";3677.71
845;846;"2024-12-24 07:17:11";"card";"refunded";1518.87
846;847;"2024-08-07 18:54:53";"paypal";"completed";340.09
847;848;"2024-09-26 23:01:50";"blik";"completed";3519.13
848;849;"2023-03-24 12:20:06";"apple_pay";"completed";3021.67
849;850;"2024-10-05 18:47:58";"blik";"pending";99.08
850;851;"2023-03-16 09:53:40";"card";"failed";2373.38
851;852;"2024-04-27 23:32:28";"card";"completed";1480.01
852;853;"2024-04-07 22:32:59";"google_pay";"pending";2050.45
853;854;"2024-01-18 23:08:30";"apple_pay";"completed";2887.16
854;855;"2023-06-11 04:45:30";"card";"completed";2571.11
855;856;"2023-06-06 06:23:10";"apple_pay";"failed";4923.71
856;857;"2024-11-14 17:19:49";"google_pay";"refunded";3876.05
857;858;"2023-01-02 06:04:09";"card";"refunded";3597.27
858;859;"2024-07-28 05:56:54";"apple_pay";"pending";3081.6
859;860;"2023-03-31 23:28:26";"paypal";"failed";2538.01
860;861;"2024-01-30 22:53:31";"apple_pay";"pending";4516.71
861;862;"2023-04-25 11:22:24";"apple_pay";"pending";3852.76
862;863;"2024-03-11 19:18:29";"apple_pay";"failed";3639.66
863;864;"2023-04-25 16:32:42";"google_pay";"pending";1994.19
864;865;"2023-03-23 14:25:38";"google_pay";"failed";3010.28
865;866;"2023-08-14 18:20:04";"paypal";"failed";4849.19
866;867;"2023-06-14 23:15:01";"card";"refunded";1700.58
867;868;"2023-05-22 14:27:21";"card";"failed";329.9
868;869;"2023-03-13 09:19:09";"paypal";"completed";2412.8
869;870;"2024-12-27 04:39:25";"blik";"completed";3625.7
870;871;"2023-07-18 03:53:13";"paypal";"refunded";3405.56
871;872;"2023-03-10 23:19:35";"blik";"failed";947.99
872;873;"2023-09-30 14:47:40";"blik";"failed";3302.54
873;874;"2023-07-11 03:39:43";"card";"failed";3068.61
874;875;"2024-12-04 01:15:13";"apple_pay";"completed";241.09
875;876;"2023-02-22 20:39:46";"apple_pay";"refunded";2483.98
876;877;"2023-10-21 18:29:59";"card";"failed";1741.09
877;878;"2024-12-10 23:54:50";"paypal";"pending";4826.79
878;879;"2024-03-15 16:00:13";"apple_pay";"completed";388.83
879;880;"2024-04-14 20:13:33";"paypal";"pending";3384.81
880;881;"2024-06-28 23:20:31";"blik";"pending";4614.74
881;882;"2024-12-15 14:40:37";"google_pay";"completed";1514.25
882;883;"2023-09-17 05:50:33";"blik";"refunded";100.42
883;884;"2023-10-08 21:33:13";"blik";"pending";1701.72
884;885;"2024-08-26 01:16:46";"paypal";"pending";2583.67
885;886;"2023-05-01 11:04:40";"blik";"failed";4362.76
886;887;"2024-09-24 11:10:20";"google_pay";"failed";1089.7
887;888;"2023-06-25 23:32:30";"paypal";"refunded";2396.89
888;889;"2023-12-22 08:29:06";"google_pay";"failed";4845.1
889;890;"2023-02-14 06:10:25";"blik";"pending";4736.56
890;891;"2024-05-31 13:15:48";"blik";"completed";3792.49
891;892;"2023-10-14 17:27:51";"card";"refunded";239.19
892;893;"2024-04-16 09:22:41";"paypal";"refunded";4300.12
893;894;"2024-07-27 09:25:31";"blik";"pending";3635.5
894;895;"2024-07-06 03:00:23";"apple_pay";"refunded";1274.49
895;896;"2023-11-20 18:03:33";"card";"pending";3413.54
896;897;"2023-06-12 00:10:51";"apple_pay";"completed";2510.59
897;898;"2023-03-14 03:02:42";"google_pay";"pending";2250.79
898;899;"2023-12-11 04:13:05";"blik";"completed";689.43
899;900;"2023-08-17 08:09:02";"blik";"completed";825.82
900;901;"2024-08-03 03:27:07";"paypal";"completed";513.79
901;902;"2024-03-15 12:41:38";"google_pay";"pending";3137.35
902;903;"2023-04-03 06:37:31";"google_pay";"pending";2862.43
903;904;"2024-02-29 12:20:54";"apple_pay";"pending";1055.99
904;905;"2023-04-14 17:00:09";"apple_pay";"pending";3188.0
905;906;"2024-02-17 15:18:23";"card";"completed";4597.94
906;907;"2023-12-18 23:38:44";"blik";"failed";3527.48
907;908;"2024-07-22 23:33:52";"google_pay";"refunded";2344.39
908;909;"2023-01-23 17:20:55";"apple_pay";"refunded";403.62
909;910;"2024-05-20 07:38:07";"google_pay";"failed";3487.08
910;911;"2023-11-29 19:50:30";"apple_pay";"pending";860.94
911;912;"2024-10-09 13:23:14";"google_pay";"completed";1776.01
912;913;"2023-09-09 19:49:42";"apple_pay";"failed";2069.64
913;914;"2023-09-23 13:26:44";"blik";"failed";317.35
914;915;"2024-09-16 19:54:27";"paypal";"refunded";4743.88
915;916;"2023-03-15 16:05:47";"google_pay";"failed";477.17
916;917;"2024-08-11 18:09:57";"paypal";"refunded";4698.38
917;918;"2024-04-24 11:30:39";"paypal";"refunded";1422.42
918;919;"2024-10-27 01:36:04";"blik";"pending";4928.63
919;920;"2024-11-14 04:00:25";"google_pay";"completed";1988.26
920;921;"2023-06-01 03:44:25";"google_pay";"completed";1432.34
921;922;"2023-09-09 23:54:33";"google_pay";"completed";1071.13
922;923;"2024-12-04 19:15:24";"card";"completed";2941.46
923;924;"2023-06-05 12:46:41";"blik";"completed";4237.08
924;925;"2023-04-03 22:45:42";"google_pay";"failed";4050.82
925;926;"2024-04-22 00:25:46";"card";"completed";1993.04
926;927;"2023-03-03 20:30:44";"google_pay";"failed";1046.75
927;928;"2023-01-12 04:46:40";"card";"failed";4244.15
928;929;"2023-12-23 17:58:49";"apple_pay";"failed";4082.63
929;930;"2024-07-09 06:27:49";"paypal";"failed";3255.54
930;931;"2024-07-21 06:51:31";"blik";"completed";1709.82
931;932;"2024-09-16 02:45:28";"blik";"completed";1414.36
932;933;"2024-11-19 16:42:36";"blik";"refunded";1603.49
933;934;"2023-12-13 02:16:37";"blik";"pending";3980.75
934;935;"2024-12-22 13:36:08";"apple_pay";"pending";4696.66
935;936;"2023-12-23 20:14:10";"apple_pay";"completed";2035.63
936;937;"2024-11-11 01:16:49";"card";"pending";2592.31
937;938;"2024-05-30 19:08:40";"google_pay";"refunded";66.25
938;939;"2023-01-30 08:41:19";"google_pay";"refunded";2036.58
939;940;"2023-11-14 00:14:33";"blik";"refunded";3609.61
940;941;"2024-03-02 17:05:20";"paypal";"failed";4967.84
941;942;"2024-05-06 09:06:32";"apple_pay";"refunded";2004.95
942;943;"2024-12-19 05:18:51";"blik";"pending";1752.31
943;944;"2023-11-11 23:16:49";"blik";"pending";2947.95
944;945;"2023-06-23 13:03:16";"paypal";"pending";2151.85
945;946;"2023-12-23 01:35:05";"apple_pay";"pending";3888.44
946;947;"2024-08-21 00:18:55";"card";"pending";2568.21
947;948;"2024-01-06 14:13:40";"blik";"failed";1829.97
948;949;"2024-04-04 15:19:35";"apple_pay";"pending";4949.07
949;950;"2023-12-10 02:05:49";"apple_pay";"refunded";2635.84
950;951;"2024-11-16 08:43:08";"paypal";"refunded";653.15
951;952;"2024-10-11 05:42:41";"google_pay";"completed";879.27
952;953;"2023-05-07 23:20:37";"google_pay";"refunded";2101.36
953;954;"2024-09-11 15:29:13";"card";"refunded";3438.24
954;955;"2023-06-21 13:39:59";"apple_pay";"refunded";897.26
955;956;"2023-04-06 06:14:59";"google_pay";"pending";3175.08
956;957;"2024-05-15 23:04:15";"google_pay";"failed";3726.85
957;958;"2024-12-20 19:31:40";"card";"failed";3713.28
958;959;"2024-03-07 00:23:52";"apple_pay";"refunded";1817.05
959;960;"2024-03-11 06:11:31";"google_pay";"failed";3848.16
960;961;"2024-08-21 06:38:38";"paypal";"pending";1389.15
961;962;"2024-03-05 09:50:56";"blik";"refunded";4346.79
962;963;"2024-01-09 10:29:26";"apple_pay";"refunded";4415.15
963;964;"2024-09-12 09:16:28";"paypal";"pending";1910.2
964;965;"2023-09-19 17:13:43";"google_pay";"failed";2481.34
965;966;"2023-05-01 06:18:07";"card";"refunded";4959.65
966;967;"2023-04-30 22:57:19";"card";"refunded";2765.7
967;968;"2024-09-16 07:04:18";"card";"completed";1537.68
968;969;"2024-11-08 17:12:05";"apple_pay";"refunded";4745.62
969;970;"2024-02-21 05:16:38";"blik";"refunded";2678.56
970;971;"2023-09-06 15:16:47";"blik";"pending";4368.44
971;972;"2023-07-16 12:16:43";"paypal";"refunded";2774.59
972;973;"2023-03-13 05:27:56";"apple_pay";"completed";2189.23
973;974;"2023-07-31 15:16:06";"google_pay";"completed";3823.53
974;975;"2024-09-24 00:27:19";"blik";"completed";4133.91
975;976;"2023-11-01 01:55:30";"blik";"pending";1697.99
976;977;"2024-07-19 00:32:32";"apple_pay";"pending";1987.78
977;978;"2023-10-04 00:25:50";"paypal";"failed";1940.38
978;979;"2024-05-05 16:07:22";"card";"failed";4682.2
979;980;"2023-03-08 08:53:43";"apple_pay";"completed";1532.69
980;981;"2024-07-25 07:04:13";"card";"failed";2752.12
981;982;"2023-02-11 04:52:53";"google_pay";"refunded";2600.31
982;983;"2023-07-11 20:50:28";"apple_pay";"pending";2567.63
983;984;"2024-01-23 12:23:20";"blik";"failed";1343.7
984;985;"2023-05-24 17:10:37";"card";"completed";1869.36
985;986;"2024-01-29 22:26:47";"google_pay";"failed";2299.55
986;987;"2023-09-20 07:23:49";"google_pay";"refunded";495.93
987;988;"2023-10-20 20:35:17";"google_pay";"failed";517.33
988;989;"2024-12-16 11:11:35";"blik";"refunded";2042.52
989;990;"2023-08-22 07:09:00";"card";"pending";4089.22
990;991;"2024-05-13 04:09:44";"blik";"failed";2560.13
991;992;"2024-11-02 21:49:19";"paypal";"refunded";2192.76
992;993;"2023-11-29 13:19:31";"google_pay";"failed";4535.8
993;994;"2023-08-10 17:59:38";"blik";"refunded";3699.81
994;995;"2023-04-25 01:55:37";"paypal";"refunded";3204.52
995;996;"2023-01-17 23:01:14";"card";"failed";673.4
996;997;"2023-07-10 23:43:12";"paypal";"refunded";1856.96
997;998;"2023-07-13 01:32:25";"card";"completed";2580.4
998;999;"2024-12-07 18:00:18";"google_pay";"refunded";1479.27
999;1000;"2023-01-06 06:37:28";"paypal";"completed";3657.83
1000;638;"2024-05-28 00:00:00";"card";"completed";100.0
